ID,Address,Rooms,Type,Price,Date,Bathroom,Car,Landsize,Age,Lattitude,Longtitude
ID850321692,46/121 Rathdowne St,3,u,735000.0,3/12/2016,1.0,2.0,3455.0,129.0,-37.8042,144.9691
ID658162778,6 Gray La,3,h,2035000.0,29/04/2017,1.0,1.0,185.0,129.0,-37.8435,144.9538
ID172575296,12 Borrie St,3,h,703000.0,18/06/2016,2.0,1.0,597.0,59.0,-37.7066,145.0203
ID253601222,47 Churchill Wy,3,h,710000.0,19/08/2017,1.0,2.0,837.0,59.0,-37.796820000000004,145.30467
ID201623150,20a Park Rd,3,h,1100000.0,14/05/2016,1.0,1.0,111.0,18.0,-37.8525,145.0071
ID505471226,67 Celia St,4,h,1700000.0,15/10/2016,3.0,1.0,650.0,73.0,-37.8581,145.078
ID242237920,4/12 Woodlawn St,2,u,717000.0,24/06/2017,1.0,0.0,316.0,49.0,-37.82295,144.99146000000005
ID742541568,15 Gould St,3,h,2400000.0,10/09/2016,2.0,2.0,835.0,109.0,-37.9225,144.991
ID193655835,142 Balwyn Rd,2,h,1850000.0,6/08/2016,1.0,1.0,1015.0,89.0,-37.8074,145.0826
ID640244599,3 Brian St,3,h,660000.0,8/04/2017,1.0,2.0,585.0,59.0,-37.695,144.9676
ID155839549,2/575 Warrigal Rd,3,t,850000.0,20/05/2017,2.0,2.0,321.0,69.0,-37.9316,145.0806
ID446446913,29 Murray St,2,h,1500000.0,17/09/2016,1.0,2.0,222.0,89.0,-37.8501,144.9995
ID887166385,10a Elizabeth St,3,t,1250000.0,8/10/2016,2.0,2.0,315.0,59.0,-37.7607,145.0853
ID525780586,22 Skipton Rd,4,h,1337000.0,15/10/2016,1.0,2.0,696.0,89.0,-37.8991,145.0804
ID325820023,95 Bank St,2,h,1151000.0,23/09/2017,1.0,0.0,128.0,129.0,-37.832809999999995,144.96633
ID562770787,2/19 Hemming St,3,u,880000.0,11/02/2017,2.0,2.0,304.0,29.0,-37.9308,145.0316
ID456391796,19 Hughes St,3,h,570500.0,10/12/2016,1.0,1.0,471.0,59.0,-37.7924,144.8523
ID445785918,7/36 Union St,3,t,972000.0,29/04/2017,2.0,1.0,119.0,19.0,-37.9084,145.0118
ID238872992,26 Irvine St,3,h,535000.0,15/07/2017,1.0,0.0,675.0,49.0,-37.764959999999995,144.77289
ID651788624,3/50 Airlie Rd,3,t,960000.0,27/05/2017,2.0,2.0,397.0,16.0,-37.72331,145.11909
ID871977267,33 Holmes St,2,h,950000.0,16/09/2017,2.0,1.0,224.0,119.0,-37.75995,144.97413
ID767287898,126/69 Dorcas St,3,u,862000.0,10/09/2016,2.0,2.0,0.0,18.0,-37.8311,144.9679
ID613665902,43/100 Commercial Rd,3,u,1230000.0,3/12/2016,2.0,2.0,0.0,21.0,-37.8453,144.9849
ID588287211,36 Sturdee St,3,h,780000.0,17/06/2017,1.0,2.0,893.0,79.0,-37.69964,145.00945
ID773380326,2/27 Pakington St,2,u,610000.0,25/02/2017,1.0,1.0,745.0,51.0,-37.8024,145.0346
ID551447133,1/17 Auburn Gr,2,u,573000.0,13/08/2016,1.0,1.0,0.0,49.0,-37.8254,145.047
ID308887879,115 Cheddar Rd,2,h,836000.0,15/10/2016,1.0,1.0,931.0,49.0,-37.7033,145.0169
ID507744098,16 Etherington Dr,3,h,430000.0,19/08/2017,2.0,2.0,180.0,39.0,-37.59827,145.07939
ID141071692,15/67 Nicholson St,2,u,435000.0,13/05/2017,1.0,1.0,0.0,8.0,-37.7755,144.9786
ID857625133,18 Grandvalley Dr,2,t,520000.0,1/07/2017,2.0,2.0,62.0,5.0,-37.738929999999996,144.87661
ID620798747,1 Diana Dr,4,h,1280000.0,17/06/2017,2.0,1.0,797.0,59.0,-37.80755,145.1638
ID607255215,4 Nuthall Wy,4,h,1012000.0,15/07/2017,3.0,3.0,631.0,10.0,-37.6246,145.01686
ID390915268,65 Hyde St,3,h,740000.0,25/02/2017,1.0,1.0,211.0,109.0,-37.8059,144.901
ID328506788,5 Binalong Ct,3,h,720000.0,25/02/2017,2.0,2.0,555.0,41.0,-37.7214,145.1034
ID765174330,17 Arkley Dr,4,h,645000.0,17/06/2017,2.0,2.0,538.0,19.0,-37.6499,144.9013
ID918119901,5 Ireland St,3,h,782500.0,17/06/2017,2.0,2.0,603.0,16.0,-38.09088,145.12933999999996
ID216781173,7/56 Golf Links Rd,1,u,362500.0,27/05/2017,1.0,1.0,124.0,39.0,-37.70917,144.92291
ID463937670,4 Benton Ct,3,h,1250000.0,17/09/2016,2.0,1.0,728.0,54.0,-37.7813,145.1318
ID759894569,1 Chester Cl,3,h,680000.0,3/06/2017,2.0,1.0,650.0,29.0,-37.64049,144.8846
ID520176242,1/48 Ormond Rd,2,u,1015000.0,13/08/2016,1.0,2.0,0.0,16.0,-37.8844,144.9855
ID262422184,1 Scott St,4,h,621000.0,9/09/2017,2.0,2.0,556.0,18.0,-37.89463,144.66857
ID845971558,46 Sesame St,5,h,2248000.0,15/07/2017,5.0,2.0,729.0,3.0,-37.86582,145.14824
ID365508725,18 Iluka St,4,h,2000000.0,9/09/2017,2.0,4.0,823.0,69.0,-37.9757,145.02535
ID892696983,13/5 Denham St,2,u,753000.0,7/05/2016,1.0,2.0,0.0,59.0,-37.8186,145.017
ID622929428,45 Hornby St,2,h,1325000.0,25/02/2017,1.0,0.0,140.0,49.0,-37.8547,144.9959
ID813132601,73 Linacre Rd,3,h,1403000.0,10/12/2016,1.0,2.0,495.0,69.0,-37.9428,145.0092
ID293818837,10 Haynes St,4,h,1535000.0,22/07/2017,2.0,2.0,719.0,21.0,-37.94999,145.03122
ID702994535,4/1 Allard St,2,u,473000.0,4/06/2016,1.0,2.0,568.0,49.0,-37.7682,144.9422
ID521004498,4 Invermay Gr,3,h,1768000.0,9/09/2017,2.0,2.0,304.0,49.0,-37.832770000000004,145.04373
ID271907809,24 Hill St,3,h,1316000.0,17/06/2017,1.0,1.0,636.0,61.0,-37.92463,145.06051000000005
ID242741424,6 Como St,4,h,2345000.0,1/07/2017,2.0,2.0,803.0,99.0,-37.78122000000001,145.0336
ID902594055,53 Wests Rd,3,t,560000.0,4/02/2016,2.0,2.0,83.0,19.0,-37.7719,144.8815
ID365951308,1 Carcoola Ct,3,h,1470000.0,25/02/2017,2.0,2.0,0.0,39.0,-37.9071,145.0439
ID363176058,4 Hansen St,3,h,900000.0,19/11/2016,2.0,2.0,236.0,19.0,-37.9215,145.0227
ID705680565,5 Stewart St,4,h,1870000.0,26/08/2017,2.0,2.0,663.0,24.0,-37.90617,145.02875
ID253190047,2/18 Islington St,3,u,1000000.0,22/04/2017,2.0,2.0,0.0,14.0,-37.8083,144.9908
ID572251300,31 Shelley St,3,h,1050000.0,7/11/2016,1.0,0.0,257.0,99.0,-37.881,144.9841
ID454125130,1/104 Cheddar Rd,3,h,410000.0,15/10/2016,1.0,1.0,250.0,59.0,-37.6974,145.0213
ID135199111,14/3 Struan St,2,u,760000.0,29/04/2017,1.0,1.0,0.0,39.0,-37.8359,145.0126
ID725447307,53 Gloucester Rd,2,h,1450000.0,8/04/2017,1.0,1.0,627.0,10.0,-37.8689,145.0882
ID275962970,19 Charles St,3,h,1290000.0,22/07/2017,2.0,1.0,196.0,109.0,-37.776509999999995,144.99074
ID225736683,5 Carrington St,4,h,1850000.0,7/11/2016,2.0,2.0,619.0,29.0,-37.8025,145.0843
ID778446050,33 Douglas St,3,h,1575000.0,19/08/2017,1.0,2.0,787.0,64.0,-37.86394,145.09702
ID374548678,97 Edwin St,4,h,1645000.0,12/08/2017,2.0,4.0,596.0,89.0,-37.75008,145.05051
ID829514231,25/5 Evans St,3,t,981000.0,13/05/2017,2.0,1.0,122.0,7.0,-37.7698,144.9661
ID657715163,35 Charles St,2,h,871000.0,22/05/2016,1.0,1.0,215.0,139.0,-37.7722,144.9637
ID678423541,6 Conrad Ct,3,h,1001000.0,17/06/2017,1.0,1.0,671.0,49.0,-37.802,145.15828
ID346379215,17/30 Miles St,2,u,625000.0,12/08/2017,1.0,1.0,0.0,59.0,-37.8281,144.96627
ID989649825,1/37 Yongala St,3,h,1255000.0,4/06/2016,2.0,2.0,308.0,18.0,-37.8056,145.0788
ID846463609,14 James St,3,h,900000.0,17/06/2017,1.0,1.0,252.0,16.0,-37.80552,144.88889
ID148927002,296A Williams Rd,3,h,2840000.0,11/03/2017,2.0,4.0,1317.0,19.0,-37.838,145.0054
ID237680255,9 Sargood St,2,h,642000.0,27/06/2016,1.0,0.0,167.0,79.0,-37.7477,144.9647
ID732519609,2/2 St Kinnord St,1,u,380000.0,3/12/2016,1.0,1.0,0.0,29.0,-37.7561,144.9028
ID466426950,13 George St,2,h,722000.0,13/08/2016,1.0,1.0,400.0,64.0,-37.7352,144.9852
ID908157448,50 Dorrit St,3,h,1760000.0,26/08/2017,1.0,2.0,9405.0,139.0,-37.79945,144.96653
ID725441006,7/110 Maribyrnong Rd,1,u,222000.0,17/06/2017,1.0,0.0,0.0,7.0,-37.77154,144.91597
ID209676217,103 Cassinia Cr,3,h,430000.0,15/07/2017,1.0,2.0,522.0,59.0,-37.64683,144.91106000000005
ID782819853,71 Carlisle St,3,h,1030000.0,28/05/2016,1.0,1.0,292.0,11.0,-37.8677,144.984
ID315228441,14 Knight St,3,h,1195000.0,19/11/2016,2.0,2.0,496.0,94.0,-37.7559,144.8991
ID675533633,6b Howell St,3,u,845000.0,22/04/2017,1.0,2.0,242.0,23.0,-37.9302,145.0331
ID576942955,9/80 Hobsons Rd,3,t,855000.0,3/06/2017,2.0,1.0,68.0,44.0,-37.79554,144.91679
ID574294583,8/57 Adams St,1,u,555000.0,12/11/2016,1.0,1.0,630.0,49.0,-37.8356,144.9773
ID961944440,22 Renwick St,4,h,2325000.0,4/06/2016,3.0,2.0,638.0,89.0,-37.8523,145.0726
ID474062899,2 Head St,3,h,1400000.0,26/07/2016,1.0,2.0,656.0,19.0,-37.7373,144.9217
ID600486948,11 Manhattan Sq,4,h,980000.0,12/08/2017,2.0,0.0,539.0,41.0,-37.83459000000001,145.21264
ID195109782,43 Green Av,3,h,740000.0,15/07/2017,1.0,2.0,633.0,44.0,-37.71402,145.0314
ID358364770,12 Ellesmere St,2,h,1290000.0,29/04/2017,1.0,0.0,259.0,94.0,-37.7741,145.0073
ID274928599,23A Wentworth Dr,3,t,502000.0,22/07/2017,2.0,2.0,198.0,15.0,-37.695029999999996,144.77868999999995
ID598249972,36 Wellington St,4,h,2268000.0,3/06/2017,2.0,2.0,616.0,131.0,-37.78474,144.9322
ID390543180,127 Deakin St,2,h,1280000.0,12/08/2017,1.0,1.0,512.0,89.0,-37.741209999999995,144.89273
ID347042134,63 Tucker Rd,4,t,1245000.0,28/08/2016,2.0,2.0,345.0,49.0,-37.9291,145.0491
ID532496363,6 Rosewall St,3,h,665000.0,22/05/2016,1.0,2.0,707.0,79.0,-37.7676,144.8339
ID765490808,62 Croydon Rd,3,h,985500.0,24/06/2017,1.0,2.0,973.0,11.0,-37.78964000000001,145.2829
ID209773751,1/18 Howard St,2,u,600000.0,24/06/2017,1.0,1.0,847.0,29.0,-37.80798,145.02347
ID190510805,143 Cornwall Rd,3,h,460000.0,7/11/2016,1.0,1.0,306.0,10.0,-37.7807,144.842
ID404000981,152 Middleborough Rd,4,h,1100000.0,16/09/2017,3.0,2.0,592.0,2.0,-37.843070000000004,145.13419
ID367622716,39 Frederick St,4,t,855000.0,3/12/2016,2.0,2.0,242.0,49.0,-37.7915,145.1258
ID940184468,9 Thompson St,4,h,934000.0,15/07/2017,2.0,1.0,581.0,44.0,-37.76421,144.85594
ID306326060,15 Berwick St,3,h,751000.0,27/11/2016,1.0,2.0,604.0,79.0,-37.723,145.0024
ID755557751,4 Raymond St,4,h,840000.0,30/07/2016,1.0,2.0,390.0,69.0,-37.7395,144.9843
ID201158862,46 Durham Rd,3,h,1715000.0,26/08/2017,1.0,2.0,438.0,113.0,-37.83015,145.09035
ID919648055,61 Canterbury St,3,h,1012000.0,13/08/2016,1.0,1.0,212.0,89.0,-37.7818,144.9247
ID678509998,33 Kensington Rd,3,h,1225000.0,12/08/2017,2.0,2.0,223.0,79.0,-37.794959999999996,144.92659
ID312106588,7/3 Tahara Rd,2,u,701500.0,4/06/2016,1.0,1.0,0.0,68.0,-37.8384,145.0178
ID947393754,22 Yangoora Pl,4,h,925000.0,24/06/2017,2.0,2.0,1070.0,39.0,-37.69999,145.1279
ID661230454,56 Henry St,3,h,1850000.0,3/12/2016,1.0,2.0,361.0,7.0,-37.8546,144.9865
ID372794703,15 Maughan Pde,5,h,1660000.0,28/05/2016,3.0,2.0,737.0,69.0,-37.7975,145.0961
ID712997570,5/350 Auburn Rd,3,t,1236000.0,24/06/2017,2.0,2.0,159.0,19.0,-37.83179000000001,145.04293
ID288502193,15 Fraser St,2,h,1025000.0,23/04/2016,1.0,0.0,123.0,109.0,-37.8551,144.968
ID751907221,23 Alden Ct,4,h,1120000.0,17/06/2017,2.0,2.0,806.0,19.0,-37.97245,145.07566
ID253113821,7/1 St Kilda Rd,3,u,616000.0,4/06/2016,2.0,2.0,0.0,24.0,-37.8573,144.9825
ID699695649,20 Warner St,2,h,890000.0,16/04/2016,1.0,1.0,649.0,69.0,-37.7445,144.9133
ID199298308,325 Forest Rd,3,h,477000.0,8/07/2017,1.0,1.0,518.0,59.0,-37.85971,145.31036
ID723255002,1 Dorothy St,3,h,802000.0,27/05/2017,2.0,1.0,450.0,59.0,-37.71872000000001,144.94871
ID752359351,76A Norfolk St,2,t,650000.0,15/07/2017,2.0,1.0,279.0,6.0,-37.78799,144.87515
ID975263609,1 Grout St,3,h,1325000.0,24/06/2017,1.0,2.0,400.0,69.0,-37.93434,145.00816
ID494708645,275 Thompsons Rd,3,h,1250000.0,23/09/2017,2.0,2.0,838.0,39.0,-37.76649000000001,145.10623
ID835438168,17 Delta Av,4,h,1011000.0,29/07/2017,2.0,2.0,500.0,89.0,-37.72165,144.95853
ID141559089,93 Hotham St,2,h,1430000.0,4/03/2017,1.0,0.0,231.0,119.0,-37.7969,144.9905
ID952309416,208/11 Hillingdon Pl,1,u,550000.0,8/04/2017,1.0,1.0,0.0,119.0,-37.8516,144.9943
ID484987492,1101/265 Exhibition St,3,u,895000.0,22/04/2017,2.0,3.0,0.0,13.0,-37.8095,144.9691
ID592169244,88 Gladstone St,3,h,1410000.0,8/07/2017,1.0,1.0,404.0,89.0,-37.79893,145.04266
ID992170514,15 Murray St,4,h,3000000.0,18/03/2017,2.0,2.0,661.0,89.0,-37.8844,145.0117
ID231199641,12 Northumberland Rd,3,h,815000.0,15/10/2016,1.0,2.0,628.0,64.0,-37.7295,144.9316
ID188931311,1 Hodgson Tce,3,h,1495000.0,27/11/2016,2.0,1.0,159.0,19.0,-37.8195,144.9974
ID425461074,16 Hayes Pde,5,h,950000.0,10/12/2016,2.0,2.0,705.0,69.0,-37.7328,144.9281
ID419993980,6 Prefect St,4,h,1715000.0,18/06/2016,3.0,2.0,650.0,18.0,-37.7363,144.9208
ID518009132,17/24 Dongola Rd,3,t,815000.0,8/04/2017,1.0,2.0,203.0,69.0,-37.7928,144.8811
ID820794818,33a Durrant St,2,h,1532000.0,22/08/2016,1.0,2.0,411.0,109.0,-37.9095,145.004
ID591336016,2/15 Pryton Ct,2,u,825000.0,20/05/2017,2.0,2.0,288.0,3.0,-37.8078,145.1031
ID490478786,5 Murphy St,3,h,1485000.0,20/05/2017,1.0,1.0,198.0,51.0,-37.8029,144.9459
ID223557742,314 Liberty Pde,3,h,580000.0,27/05/2017,1.0,2.0,429.0,69.0,-37.73704,145.03697
ID882250288,2/65 Parkhill Rd,3,t,1375000.0,17/06/2017,3.0,3.0,325.0,79.0,-37.80506,145.05223999999995
ID177193591,77 Spenser St,3,h,1900000.0,10/12/2016,2.0,2.0,289.0,40.0,-37.8726,144.9782
ID775515671,1/43 Cameron St,3,u,752000.0,11/02/2017,1.0,1.0,265.0,26.0,-37.7302,144.8855
ID610982919,92A Southern Rd,2,h,510000.0,25/02/2017,1.0,2.0,244.0,7.0,-37.7421,145.0491
ID952322245,12 Longfield St,3,h,1540000.0,25/02/2017,1.0,1.0,0.0,119.0,-37.8214,145.0119
ID292029163,364 Station St,3,h,750000.0,29/07/2017,1.0,2.0,463.0,8.0,-38.05635,145.11836
ID184975727,3/19 Chandos St,2,u,515000.0,27/06/2016,1.0,2.0,0.0,49.0,-37.7474,144.9608
ID130244458,2/1 Lillimur Rd,3,u,960000.0,13/05/2017,2.0,2.0,199.0,24.0,-37.9034,145.0409
ID252696593,13/37 Greville St,1,u,342000.0,3/09/2016,1.0,1.0,0.0,59.0,-37.8486,144.9872
ID117276266,31 Tuxen St,3,h,2900000.0,18/06/2016,2.0,2.0,917.0,6.0,-37.7968,145.0873
ID819018289,39 Barry St,3,h,1710000.0,4/06/2016,1.0,1.0,247.0,129.0,-37.7798,144.9952
ID305402476,27 Davey St,3,h,687000.0,12/11/2016,1.0,1.0,695.0,69.0,-37.7853,144.8114
ID303620238,56 Asling St,3,t,1990000.0,22/04/2017,2.0,2.0,0.0,84.0,-37.900999999999996,145.0026
ID406593707,7 Prospect Gr,4,h,2100000.0,12/11/2016,1.0,2.0,0.0,6.0,-37.7736,145.0004
ID766187642,2/8 Evelina St,4,t,1400000.0,12/11/2016,3.0,2.0,241.0,10.0,-37.8042,145.1042
ID711167132,132 Wonga Rd,3,h,1085000.0,24/06/2017,2.0,2.0,921.0,39.0,-37.78649,145.24836000000005
ID778504623,68 Osborne St,3,h,1710000.0,27/11/2016,2.0,1.0,260.0,3.0,-37.8671,144.9001
ID548655646,59b Fromer St,3,t,1275000.0,17/09/2016,2.0,2.0,309.0,99.0,-37.9287,145.0461
ID444424362,15 Grandview Rd,3,h,1460000.0,27/11/2016,1.0,1.0,705.0,18.0,-37.8746,145.1071
ID648318046,7 Francis St,3,h,1380000.0,4/03/2017,2.0,2.0,277.0,109.0,-37.7777,144.9221
ID358598791,344 High St,3,h,2302000.0,4/03/2017,1.0,4.0,440.0,124.0,-37.8528,144.9994
ID346254688,36 The Crescent,4,h,975000.0,15/10/2016,3.0,1.0,0.0,104.0,-37.7941,144.91899999999995
ID693708765,5 Luckins Rd,3,h,1165000.0,18/06/2016,1.0,2.0,694.0,69.0,-37.9315,145.0445
ID615757089,8 Wildberry Cl,4,h,905000.0,27/05/2017,2.0,2.0,731.0,34.0,-37.78021,145.26367
ID805269820,2 Tasman Ct,3,h,615000.0,26/08/2017,2.0,2.0,804.0,26.0,-38.09187,145.19463000000005
ID788882656,6/524 Moreland Rd,2,u,400000.0,10/12/2016,1.0,1.0,73.0,59.0,-37.7528,144.9368
ID324067814,106/37 Palmerston St,2,u,620000.0,1/07/2017,2.0,1.0,0.0,6.0,-37.7969,144.9742
ID476875685,94 Davies St,4,h,1385000.0,13/05/2017,2.0,4.0,650.0,69.0,-37.7575,144.9716
ID945773098,5/14 Athelstane Gr,2,u,500000.0,19/11/2016,1.0,1.0,71.0,59.0,-37.7634,145.0406
ID205944781,20A Apsley St,3,h,820000.0,29/07/2017,1.0,4.0,650.0,69.0,-37.707679999999996,144.92586
ID722840876,5 Konrad St,3,h,1040000.0,27/11/2016,1.0,2.0,625.0,23.0,-37.927,145.0645
ID993601202,45/151 Fitzroy St,2,u,600000.0,29/07/2017,1.0,1.0,0.0,89.0,-37.85911,144.97899999999996
ID192049726,124 Westgarth St,3,h,1481000.0,13/08/2016,2.0,1.0,138.0,119.0,-37.795,144.9806
ID978985696,241 Buckley St,4,h,1380000.0,12/08/2017,2.0,2.0,766.0,139.0,-37.75595,144.90551000000005
ID911857628,1/150 Peel St,2,u,541000.0,15/07/2017,1.0,1.0,0.0,15.0,-37.8044,144.95657
ID894511074,25 Myrniong Gr,5,h,3750000.0,6/05/2017,3.0,4.0,858.0,59.0,-37.8395,145.0534
ID801689015,11 Young St,3,h,1910000.0,12/08/2017,2.0,1.0,348.0,59.0,-37.86014,145.04221
ID241224254,54b Napier St,2,u,612000.0,14/05/2016,1.0,1.0,0.0,109.0,-37.8346,144.9673
ID246345423,60 Arden St,4,h,1475000.0,12/08/2017,2.0,1.0,137.0,3.0,-37.80072,144.9496
ID387713441,47 Pasco St,4,h,1920000.0,15/07/2017,2.0,0.0,388.0,119.0,-37.86159,144.89926
ID936101822,57 Warmington Rd,3,h,500000.0,27/11/2016,1.0,2.0,627.0,49.0,-37.8023,144.8227
ID213903470,2 Jenkins Cl,5,h,850000.0,29/07/2017,3.0,2.0,651.0,69.0,-37.796820000000004,145.21731
ID231617510,93 Burke Rd,3,h,770000.0,19/08/2017,1.0,0.0,720.0,99.0,-37.87356,145.27515
ID499792537,6 Sedge Ct,4,h,1005000.0,20/05/2017,2.0,5.0,768.0,39.0,-37.6947,144.9851
ID339027653,1/119 Melrose Dr,4,h,586000.0,8/07/2017,1.0,3.0,0.0,44.0,-37.70695,144.88513999999995
ID154733490,9 Bishop Pl,4,h,652000.0,3/09/2017,1.0,5.0,548.0,69.0,-37.65256,145.04093
ID504583923,126 Albert St,3,h,600000.0,12/06/2016,1.0,3.0,503.0,69.0,-37.739000000000004,145.0238
ID784485350,488 Middleborough Rd,3,h,1020000.0,22/07/2017,1.0,4.0,624.0,29.0,-37.81112,145.14043
ID808039426,188 Rachelle Rd,3,h,835000.0,8/04/2017,2.0,2.0,700.0,39.0,-37.7322,144.8722
ID126907785,1/37 Hampton Pde,3,h,723000.0,10/09/2016,1.0,2.0,302.0,81.0,-37.8066,144.8666
ID448109695,36 Aberfeldie St,3,h,1850000.0,3/06/2017,2.0,2.0,596.0,69.0,-37.76086,144.90497
ID786840880,16/43 Arndt Rd,2,u,541000.0,29/07/2017,1.0,1.0,133.0,69.0,-37.72136,144.92932
ID906444533,2/43 Kangaroo Rd,2,u,825000.0,8/10/2016,1.0,1.0,0.0,44.0,-37.898,145.0734
ID253736396,33 Baxter Av,3,h,875000.0,16/09/2017,1.0,3.0,534.0,49.0,-38.046659999999996,145.12354
ID565807745,12/228 The Avenue,1,u,500000.0,27/11/2016,1.0,1.0,2431.0,129.0,-37.7821,144.9576
ID434302906,2 Harry St,3,h,1195000.0,27/11/2016,1.0,2.0,601.0,12.0,-37.9386,145.0317
ID782819853,71 Carlisle St,3,h,1030000.0,28/05/2016,1.0,1.0,292.0,11.0,-37.8677,144.984
ID985646675,107A Charles St,3,t,1420000.0,17/06/2017,2.0,2.0,187.0,4.0,-37.84714,144.98927
ID917954022,11 Leura Ct,3,h,627000.0,22/07/2017,1.0,2.0,573.0,59.0,-37.69148,144.89873
ID459218106,31 Smart St,2,h,1800000.0,13/05/2017,1.0,0.0,221.0,119.0,-37.8163,145.0251
ID758152605,2/11 Elizabeth St,4,t,950000.0,27/05/2017,2.0,2.0,189.0,8.0,-37.76048,145.08476000000005
ID658147215,190 Gore St,2,h,1440000.0,17/09/2016,1.0,0.0,95.0,129.0,-37.8032,144.9825
ID400749718,5/143 Canterbury Rd,1,u,400000.0,8/10/2016,1.0,1.0,0.0,89.0,-37.8522,144.9678
ID999499147,73a Victoria St,4,h,2075000.0,6/05/2017,3.0,2.0,324.0,10.0,-37.8622,144.8884
ID519371646,1/12 Grenville St,2,u,860000.0,29/04/2017,1.0,1.0,90.0,57.0,-37.9354,144.9994
ID643371003,2 Benston St,4,h,725000.0,3/06/2017,2.0,3.0,854.0,69.0,-37.59908,144.93954
ID872012979,804/2 Claremont St,2,u,460000.0,22/07/2017,2.0,0.0,0.0,5.0,-37.83863,144.99379
ID170313767,21 Sackville St,4,h,940000.0,16/09/2017,2.0,2.0,870.0,69.0,-37.7264,145.12749
ID249052742,452 Dandenong Rd,3,h,1750000.0,3/09/2016,2.0,2.0,692.0,64.0,-37.8629,145.019
ID667536403,11A Murray St,3,h,1100000.0,13/05/2017,2.0,1.0,169.0,109.0,-37.7595,144.9255
ID797556231,310/330 Lygon St,2,u,445000.0,27/06/2016,1.0,1.0,0.0,119.0,-37.7685,144.9724
ID977940146,2/222 Milleara Rd,3,u,470000.0,14/05/2016,1.0,1.0,254.0,49.0,-37.74800000000001,144.863
ID233291854,1 Flinders St,3,h,821000.0,26/08/2017,1.0,2.0,581.0,44.0,-37.72282,144.85681
ID659338803,165 Osborne St,4,h,1630000.0,29/04/2017,2.0,2.0,260.0,13.0,-37.8657,144.8942
ID295724134,9 Barnet St,3,h,1460000.0,22/07/2017,2.0,2.0,725.0,69.0,-37.95008,145.03203
ID339683283,42 McCracken St,4,h,1365000.0,22/08/2016,2.0,1.0,242.0,16.0,-37.7913,144.9275
ID798383302,22 Cootamundra Cr,3,h,1350000.0,15/07/2017,2.0,1.0,601.0,39.0,-37.81224,145.15594
ID642479281,7 Molesworth St,5,h,3160000.0,13/05/2017,5.0,2.0,811.0,7.0,-37.8013,145.028
ID304036498,2206/60 Market St,1,u,450000.0,12/11/2016,1.0,0.0,0.0,59.0,-37.8178,144.9607
ID917293844,38 Caroline Dr,3,h,1350000.0,12/08/2017,2.0,3.0,725.0,24.0,-37.76616,145.11207
ID630494356,38 Daisy St,3,h,1040000.0,12/08/2017,1.0,1.0,756.0,58.0,-37.82909,145.233
ID972647839,2 Day St,3,h,695000.0,29/07/2017,1.0,0.0,694.0,69.0,-37.788709999999995,144.81368999999995
ID983247908,181 Rae St,2,h,937500.0,23/04/2016,1.0,0.0,100.0,129.0,-37.788000000000004,144.9791
ID817780680,1/276 Grange Rd,2,h,790000.0,24/06/2017,1.0,2.0,253.0,59.0,-37.90173,145.04466000000005
ID151658036,1B Hepburn St,3,h,1780000.0,18/03/2017,3.0,2.0,88.0,8.0,-37.824,145.0427
ID804693017,24 Oxford St,3,h,675000.0,19/08/2017,1.0,1.0,160.0,83.0,-37.79219000000001,144.87575
ID386556568,7 Neville St,4,h,970000.0,10/12/2016,2.0,4.0,659.0,69.0,-37.7467,144.8683
ID893619295,1/100 Balwyn Rd,2,u,460000.0,27/05/2017,1.0,1.0,0.0,59.0,-37.81172,145.08175
ID371373079,29 Essex Rd,4,h,1810000.0,16/09/2017,3.0,2.0,349.0,22.0,-37.82832,145.09242
ID319486951,20 Ward St,4,h,2405000.0,3/06/2017,2.0,2.0,604.0,89.0,-37.86513,145.07918999999995
ID755557751,4 Raymond St,4,h,840000.0,30/07/2016,1.0,2.0,390.0,69.0,-37.7395,144.9843
ID180850845,317/99 Dow St,2,u,520000.0,8/04/2017,1.0,1.0,2166.0,7.0,-37.8415,144.9412
ID352456714,139 Christmas St,3,h,750000.0,18/06/2016,2.0,1.0,170.0,49.0,-37.7674,145.0209
ID933589520,32 Carnarvon Rd,4,h,1140000.0,8/07/2017,2.0,2.0,0.0,14.0,-37.73831,144.91114
ID849864945,503/6 Lord St,2,u,1040000.0,10/09/2016,2.0,2.0,0.0,6.0,-37.8198,145.005
ID141723913,22 Pitt St,3,h,1068000.0,27/11/2016,2.0,2.0,609.0,49.0,-37.9213,145.0854
ID474623670,11 Leafield St,4,h,1171000.0,16/07/2016,3.0,2.0,670.0,9.0,-37.7122,145.0765
ID942473989,55 McKinnon Rd,4,h,1830000.0,26/08/2017,2.0,1.0,567.0,90.0,-37.90998,145.03082
ID994364543,45 Parry Rd,4,h,895000.0,27/05/2017,3.0,2.0,792.0,24.0,-37.689659999999996,145.14649
ID993590174,1/5 The Terrace,2,u,852000.0,22/04/2017,1.0,1.0,869.0,39.0,-37.8603,145.0224
ID529014361,29 Bennett St,3,h,1088000.0,16/04/2016,3.0,2.0,168.0,104.0,-37.8126,145.0064
ID176745391,53 Moonya Rd,4,h,1423000.0,19/11/2016,3.0,4.0,838.0,54.0,-37.8972,145.0617
ID673862861,1 Hazel Gr,3,h,1663000.0,1/07/2017,1.0,2.0,956.0,59.0,-37.73103,144.93963
ID443847691,273 Glenlyon Rd,2,h,1222500.0,19/11/2016,1.0,2.0,487.0,79.0,-37.7737,144.9822
ID136105528,23 Gardner St,3,t,1012000.0,27/06/2016,2.0,1.0,80.0,59.0,-37.8155,145.0061
ID744713392,93 The Fairway,3,h,607500.0,28/08/2016,2.0,1.0,468.0,49.0,-37.7125,145.0306
ID862173075,4/43 St Vigeons Rd,1,u,365000.0,24/06/2017,1.0,1.0,113.0,69.0,-37.70717,145.02643
ID608566778,4 Ardene Ct,5,h,3950000.0,16/04/2016,2.0,3.0,1236.0,129.0,-37.8257,145.0321
ID343481600,4/30 Finlayson St,1,u,338000.0,8/07/2017,1.0,1.0,0.0,49.0,-37.87012,145.03545
ID772710779,3 Carthew Gr,4,h,1075000.0,13/05/2017,1.0,2.0,521.0,84.0,-37.7506,144.99
ID877572845,28 Ray St,4,h,583000.0,15/07/2017,1.0,2.0,757.0,49.0,-37.97369000000001,145.19714
ID552697301,52 Suffolk Rd,4,h,1750000.0,18/03/2017,2.0,3.0,817.0,44.0,-37.8312,145.0928
ID194208500,1/256 Mason St,2,t,640000.0,11/03/2017,1.0,1.0,252.0,54.0,-37.8397,144.8602
ID765087050,5 Ballarat Rd,2,h,640000.0,20/05/2017,1.0,2.0,206.0,79.0,-37.7887,144.8828
ID757280340,2/6 Kemp St,1,u,517500.0,3/12/2016,1.0,0.0,0.0,109.0,-37.762,144.996
ID788174830,5 Margaret St,3,h,981000.0,22/05/2016,1.0,2.0,601.0,69.0,-37.9361,145.0456
ID940882619,159 Ashburn Gr,3,h,1320000.0,28/08/2016,1.0,2.0,1063.0,79.0,-37.8752,145.0754
ID881644235,2/6 Spurling St,4,t,838000.0,29/04/2017,2.0,2.0,294.0,6.0,-37.7844,144.8758
ID635372448,14 Chalmers La,3,h,900000.0,3/12/2016,2.0,2.0,194.0,9.0,-37.8395,144.8787
ID950433969,25 Yuruga Bvd,4,h,801000.0,29/07/2017,2.0,2.0,628.0,8.0,-37.90622000000001,144.74946
ID827087236,24 Mater St,2,h,1025000.0,3/06/2017,2.0,1.0,108.0,14.0,-37.79531,144.9863
ID299509577,160 New St,2,h,1601000.0,17/09/2016,1.0,1.0,380.0,61.0,-37.9166,144.9926
ID898957799,11 Garnet St,3,h,1440000.0,29/04/2017,1.0,1.0,408.0,59.0,-37.7587,144.9529
ID806017103,25 High St,3,h,895000.0,29/04/2017,1.0,2.0,775.0,69.0,-37.7075,145.0807
ID925322038,17 Hampshire Rd,3,h,702000.0,10/09/2016,1.0,1.0,542.0,69.0,-37.7949,144.8303
ID669057931,1/62 Tudor St,3,h,810000.0,20/05/2017,1.0,1.0,294.0,69.0,-37.919000000000004,145.0803
ID733984775,41 McKinnon Rd,2,h,1200000.0,12/08/2017,1.0,2.0,397.0,79.0,-37.90978,145.02937
ID761266960,67/337 Station St,2,u,510000.0,27/06/2016,1.0,1.0,0.0,49.0,-37.7634,145.02100000000004
ID287882606,73 The Avenue,3,h,1040000.0,3/09/2016,1.0,3.0,690.0,69.0,-37.8272,144.8789
ID234937413,52a Trevelyan St,2,u,930000.0,4/06/2016,1.0,1.0,295.0,109.0,-37.8904,145.013
ID533407633,5A Elizabeth St,3,t,1010000.0,27/05/2017,1.0,2.0,309.0,34.0,-37.980090000000004,145.06118
ID497103727,2/13 North St,2,u,510000.0,22/08/2016,1.0,1.0,141.0,44.0,-37.7202,144.8797
ID485333796,603/29 Nicholson St,2,u,615000.0,29/07/2017,1.0,1.0,0.0,11.0,-37.77887,144.97797
ID490698186,220/99 Dow St,2,u,625000.0,18/06/2016,2.0,1.0,2166.0,109.0,-37.8415,144.9412
ID192769932,140/73 River St,2,u,604000.0,22/05/2016,2.0,2.0,0.0,10.0,-37.8189,145.0131
ID786591841,25 Gray St,4,h,706000.0,4/06/2016,1.0,0.0,165.0,119.0,-37.819,144.895
ID590531260,1/10 Norma St,2,u,425500.0,15/10/2016,1.0,0.0,153.0,49.0,-37.7912,144.8439
ID625926165,3/24 Davison St,2,u,479000.0,4/03/2017,1.0,1.0,534.0,49.0,-37.8123,145.0081
ID873740271,29 Benjamin St,2,h,611000.0,17/09/2016,1.0,2.0,204.0,94.0,-37.7938,144.8321
ID749410548,3/18 Balmoral St,2,u,440000.0,6/05/2017,1.0,1.0,921.0,54.0,-37.749,144.9067
ID716391365,54 Cooper St,5,h,2335000.0,26/08/2017,2.0,6.0,1012.0,104.0,-37.74967,144.8977
ID841755393,4 Cronin Ct,5,h,1140000.0,1/07/2017,2.0,2.0,570.0,6.0,-37.96763,145.07898
ID368073988,6 Fitzgerald Rd,5,h,1607500.0,20/05/2017,3.0,1.0,695.0,119.0,-37.7577,144.9267
ID237209503,7 Milliara St,3,h,1640000.0,3/06/2017,1.0,2.0,911.0,49.0,-37.86906,145.14394
ID446674430,92 Speight St,2,h,970000.0,12/06/2016,1.0,3.0,491.0,119.0,-37.7633,145.0169
ID322380270,2 Northgate Dr,4,h,775000.0,22/07/2017,2.0,2.0,520.0,29.0,-38.064859999999996,145.35031
ID566990230,42 Matlock Rd,3,h,790000.0,29/07/2017,1.0,2.0,868.0,49.0,-37.859809999999996,145.25475
ID195328770,413/54 Nott St,2,u,516000.0,12/11/2016,1.0,1.0,0.0,15.0,-37.8407,144.9389
ID494776807,6/4 Belvedere Cl,3,h,780000.0,22/05/2016,3.0,2.0,173.0,19.0,-37.773,144.8947
ID658325688,18 Melrose St,2,h,1010000.0,19/11/2016,2.0,0.0,109.0,119.0,-37.795,144.942
ID744318533,14 Kinkora Rd,2,h,875000.0,29/07/2017,1.0,2.0,519.0,99.0,-37.73019,145.01712
ID940968384,1/2 Ellesmere Rd,3,u,835000.0,29/07/2017,2.0,2.0,347.0,19.0,-37.853770000000004,145.15511999999995
ID772228879,2/6 Nelson Ct,2,t,585000.0,11/02/2017,1.0,1.0,136.0,7.0,-37.7623,144.8613
ID480387049,254 Rathmines St,4,h,2000000.0,22/05/2016,3.0,2.0,575.0,4.0,-37.7671,145.0176
ID866244346,16 Muriel Ct,3,h,825000.0,1/07/2017,2.0,5.0,537.0,59.0,-37.70047,145.02881000000005
ID644419362,2/237 Rosanna Rd,3,u,601000.0,28/05/2016,2.0,1.0,217.0,13.0,-37.7388,145.0742
ID195922676,39 Ferguson St,3,h,1100000.0,25/02/2017,1.0,1.0,420.0,20.0,-37.9108,145.0121
ID900253833,31 Stanley Gr,3,h,1530000.0,24/06/2017,1.0,2.0,785.0,59.0,-37.81321,145.14635
ID525485776,4/29 Champion Rd,2,u,400000.0,8/10/2016,1.0,1.0,0.0,49.0,-37.8564,144.8864
ID315228441,14 Knight St,3,h,1195000.0,19/11/2016,2.0,2.0,496.0,94.0,-37.7559,144.8991
ID370891576,8/96 Spensley St,2,u,556000.0,27/05/2017,1.0,0.0,0.0,51.0,-37.78745,145.00061000000005
ID524050364,17 Rhodes Pde,4,h,930000.0,8/10/2016,1.0,3.0,746.0,59.0,-37.7161,144.931
ID669917215,44 Manning Rd,5,h,2500000.0,14/05/2016,3.0,2.0,488.0,89.0,-37.8733,145.0507
ID277535291,1/60 Moonya Rd,3,u,820000.0,3/09/2016,1.0,2.0,0.0,30.0,-37.897,145.0623
ID796257968,502/49 Plenty Rd,2,u,413000.0,6/05/2017,1.0,1.0,0.0,10.0,-37.7499,145.0031
ID957344631,17/47 Mary St,3,h,1190000.0,17/06/2017,2.0,1.0,105.0,22.0,-37.821459999999995,145.00203
ID690823878,11 Beena Av,3,h,1530000.0,8/07/2017,1.0,1.0,684.0,59.0,-37.8891,145.06337
ID182140188,11 Ridgeway Pde,3,h,660000.0,18/03/2017,1.0,4.0,700.0,52.0,-37.7845,144.8131
ID256207115,19/337 Station St,3,t,900000.0,3/09/2017,2.0,2.0,120.0,19.0,-37.76343,145.02096
ID138899777,11 Childers Rd,2,h,1475000.0,27/11/2016,1.0,1.0,232.0,18.0,-37.8686,145.03799999999995
ID813790843,46 Dunne St,3,h,980000.0,8/10/2016,1.0,1.0,907.0,59.0,-37.7143,145.039
ID604753521,201 Hope St,2,h,711000.0,16/04/2016,1.0,1.0,177.0,109.0,-37.7619,144.9412
ID321570538,8 Nyah St,3,h,915000.0,11/03/2017,1.0,2.0,610.0,27.0,-37.7359,144.868
ID584028964,8 Cabernet Cr,5,h,940000.0,26/08/2017,3.0,2.0,593.0,94.0,-37.68878,145.05795
ID336381037,2 Hazel Gr,2,h,915000.0,10/12/2016,1.0,3.0,629.0,44.0,-37.7312,144.9399
ID663043398,193 Edwardes St,3,h,915000.0,8/10/2016,3.0,2.0,618.0,59.0,-37.7154,144.9962
ID665231727,1/10 Reno Rd,4,h,1235000.0,29/07/2017,2.0,2.0,404.0,94.0,-37.95882,145.02138
ID228778813,16 Burton St,4,h,2050000.0,27/05/2017,3.0,2.0,526.0,13.0,-37.80365,145.09048
ID823229947,10 Altona St,2,h,905000.0,8/10/2016,2.0,1.0,138.0,20.0,-37.799,144.9276
ID611693917,94 Mason St,2,h,801000.0,18/06/2016,1.0,1.0,343.0,99.0,-37.8414,144.8752
ID979595375,89 Cruikshank St,3,h,1470000.0,4/06/2016,1.0,0.0,153.0,139.0,-37.8382,144.9469
ID806824750,1 Chatsworth Rd,2,h,1090000.0,10/09/2016,1.0,1.0,158.0,49.0,-37.8531,145.0063
ID491785192,60 Wonganella Dr,3,h,680000.0,27/06/2016,1.0,2.0,558.0,39.0,-37.7305,144.8646
ID411443131,18 Brennan St,3,h,460000.0,19/08/2017,1.0,1.0,602.0,39.0,-37.704840000000004,144.57261
ID780147154,29 Fairmount Rd,3,h,3600000.0,23/09/2017,2.0,2.0,848.0,90.0,-37.83543,145.04606
ID756982940,286 Barkly St,1,h,1200000.0,22/04/2017,1.0,0.0,225.0,7.0,-37.7761,144.9593
ID390920669,2/8 Thomas St,2,h,880000.0,10/12/2016,1.0,2.0,163.0,39.0,-37.8359,144.9358
ID623899099,33 North St,3,h,720000.0,25/02/2017,1.0,1.0,585.0,44.0,-37.72,144.878
ID173354488,42 Parry Rd,3,h,967500.0,24/06/2017,1.0,2.0,768.0,34.0,-37.69031,145.14557
ID788643011,4/18 Shaftesbury St,1,u,280000.0,27/05/2017,1.0,1.0,28.0,49.0,-37.75209,144.92255
ID480346556,15 Down St,3,h,780000.0,17/09/2016,1.0,2.0,464.0,99.0,-37.7245,145.004
ID836690948,18 Russell St,4,h,2600000.0,7/05/2016,2.0,2.0,600.0,122.0,-37.8237,145.0638
ID279125795,13 Seggan Cir,3,h,500000.0,4/03/2017,2.0,1.0,140.0,14.0,-37.7071,144.8959
ID243145012,40 Ironbark Dr,8,h,1150000.0,4/06/2016,4.0,3.0,668.0,54.0,-37.7733,145.1198
ID982886909,147A Male St,2,t,1037000.0,25/02/2017,1.0,2.0,125.0,10.0,-37.9078,145.0051
ID612237504,50 Killara St,3,h,690000.0,18/03/2017,1.0,0.0,540.0,52.0,-37.789,144.8195
ID558493204,15 Edinburgh Rd,5,h,900000.0,8/07/2017,2.0,2.0,942.0,12.0,-37.857209999999995,145.26305
ID584150180,83 Challis St,5,h,1220000.0,10/09/2016,3.0,2.0,681.0,99.0,-37.8426,144.8731
ID262270988,22 Glass St,3,h,1301000.0,3/06/2017,1.0,1.0,163.0,29.0,-37.82434,145.00489
ID418170871,22 Alfred St,3,h,1080000.0,18/03/2017,1.0,0.0,234.0,119.0,-37.8051,144.8858
ID929557136,17 Stephens St,4,h,3360000.0,16/04/2016,3.0,1.0,904.0,16.0,-37.797,145.086
ID897071876,5/61 Ormond Rd,2,u,572500.0,28/08/2016,2.0,1.0,1307.0,59.0,-37.8838,144.9853
ID207850846,8 Turin Pl,4,h,640000.0,1/07/2017,2.0,1.0,729.0,32.0,-37.70115,144.80143999999999
ID547865870,9 Nicholson St,2,h,1405000.0,22/04/2017,1.0,0.0,219.0,139.0,-37.8424,144.9867
ID872012979,804/2 Claremont St,2,u,460000.0,22/07/2017,2.0,0.0,0.0,5.0,-37.83863,144.99379
ID739247052,31a Douglas St,3,u,1045000.0,4/03/2017,2.0,2.0,467.0,69.0,-37.8639,145.0968
ID554470101,403/64 Wellington St,2,u,460000.0,1/07/2017,1.0,1.0,0.0,26.0,-37.85709,144.9873
ID361959318,19 Alston St,3,h,1250000.0,24/06/2017,1.0,2.0,695.0,59.0,-37.75506,145.01841000000005
ID898026171,3/191 Balwyn Rd,3,t,1238000.0,27/11/2016,2.0,2.0,186.0,9.0,-37.8028,145.0828
ID168446598,1/21 Jones St,2,h,542000.0,22/05/2016,1.0,1.0,0.0,129.0,-37.7618,144.9662
ID562199314,66 Union Rd,4,h,2290000.0,12/08/2017,2.0,2.0,910.0,3.0,-37.82933,145.09642
ID874537534,7 Wirilda Cr,3,h,570000.0,29/07/2017,1.0,4.0,632.0,59.0,-38.11984,145.16208999999995
ID654150207,3 Donald St,3,h,816000.0,15/10/2016,1.0,1.0,511.0,61.0,-37.7906,144.8387
ID777135424,57 Wonganella Dr,3,h,757000.0,7/11/2016,2.0,1.0,532.0,59.0,-37.7295,144.8644
ID228948413,25 Cobden St,3,h,1200000.0,13/08/2016,2.0,0.0,113.0,109.0,-37.8346,144.9688
ID409916063,8 Skipton Rd,3,h,1350000.0,12/11/2016,1.0,2.0,698.0,49.0,-37.8982,145.0806
ID926167580,3/56 Beach Rd,2,u,738000.0,26/07/2016,1.0,2.0,3414.0,12.0,-37.9395,145.0001
ID425435505,28 Kintore St,4,h,5020000.0,20/05/2017,4.0,3.0,892.0,129.0,-37.823,145.0621
ID645600931,16 Cooper Av,4,h,1292000.0,19/08/2017,2.0,2.0,768.0,49.0,-37.89965,145.17135
ID422922119,48 Crevelli St,3,h,526250.0,8/07/2017,1.0,1.0,308.0,79.0,-37.72828,145.03033
ID873737507,23 Henry St,3,h,1200000.0,22/08/2016,1.0,1.0,374.0,7.0,-37.8057,144.8882
ID708131373,108 Mason St,4,t,820000.0,27/06/2016,2.0,2.0,753.0,13.0,-37.8413,144.8741
ID673861873,1/1 Gregory St,3,u,647000.0,3/12/2016,1.0,2.0,250.0,119.0,-37.7232,144.9148
ID825572271,478 Waterdale Rd,8,h,770000.0,19/11/2016,4.0,4.0,638.0,59.0,-37.7426,145.048
ID962809512,2/6 Murra Ct,2,u,700000.0,22/08/2016,1.0,2.0,192.0,12.0,-37.8709,145.102
ID461012468,3 Walkers Rd,4,h,845000.0,3/06/2017,2.0,2.0,633.0,89.0,-38.0781,145.12429
ID513119574,3/593 High Street Rd,2,u,572000.0,3/06/2017,1.0,1.0,173.0,49.0,-37.87142,145.14503
ID764360921,56 Tennyson St,3,h,1050000.0,4/06/2016,1.0,1.0,274.0,119.0,-37.7984,144.929
ID865445884,36 Southern Rd,4,h,758500.0,10/09/2016,2.0,3.0,510.0,6.0,-37.7427,145.0547
ID757539108,111/112 Pier St,2,u,440000.0,11/02/2017,1.0,1.0,0.0,54.0,-37.8659,144.83100000000005
ID224832408,6 Virtue Wy,4,h,595000.0,22/07/2017,2.0,2.0,420.0,4.0,-37.59386,144.90008999999995
ID496418540,6/305 Albion St,1,u,279500.0,15/10/2016,1.0,1.0,0.0,49.0,-37.7597,144.9548
ID943708012,32 Hooker Rd,3,h,515000.0,23/09/2017,2.0,1.0,517.0,34.0,-37.89423,144.64131
ID758944440,18 Yorkshire St,3,h,1530000.0,24/06/2017,1.0,2.0,187.0,119.0,-37.83199000000001,144.99909
ID676532635,55 Milroy St,5,h,1900000.0,29/04/2017,3.0,2.0,583.0,10.0,-37.9057,145.0101
ID640076271,5/57 Blyth St,3,u,730000.0,28/05/2016,2.0,1.0,70.0,5.0,-37.868,144.8285
ID953350519,282 Glenlyon Rd,3,h,1141000.0,16/04/2016,1.0,1.0,378.0,129.0,-37.7739,144.9819
ID548414296,6 Manyung Ct,3,h,770000.0,9/09/2017,1.0,1.0,591.0,56.0,-38.09864,145.13128999999995
ID483182800,17 Myrtle St,2,h,1435000.0,10/09/2016,1.0,2.0,239.0,119.0,-37.7918,144.997
ID821846635,54 Railway Pde,3,h,900000.0,10/12/2016,1.0,1.0,570.0,69.0,-37.7273,144.9274
ID491456326,10 Sunninghill Ct,4,h,990000.0,27/05/2017,2.0,2.0,708.0,59.0,-37.80601,145.20106
ID992897246,5/72 Dover Rd,2,u,450000.0,14/05/2016,1.0,2.0,0.0,24.0,-37.8536,144.899
ID944080109,4/26 Acheron Av,2,u,495000.0,22/07/2017,1.0,1.0,134.0,6.0,-37.7216,145.0178
ID958940987,7 Botanic Dr,4,h,1810000.0,28/05/2016,2.0,4.0,769.0,49.0,-37.7781,145.1337
ID645951844,18 Middle Rd,5,h,2700000.0,17/09/2016,3.0,2.0,802.0,25.0,-37.8442,145.0578
ID362324261,11 Wheatley Rd,4,h,1860000.0,12/11/2016,2.0,3.0,855.0,89.0,-37.9163,145.0324
ID458770191,28 Papua St,2,h,701000.0,28/05/2016,1.0,2.0,762.0,49.0,-37.7112,145.0861
ID596693802,49 Grove Rd,4,h,3335000.0,3/06/2017,2.0,2.0,371.0,129.0,-37.81474,145.02608999999995
ID849625974,10 Cliff St,1,h,772000.0,28/08/2016,1.0,1.0,147.0,129.0,-37.7643,144.9584
ID164243396,1 Rocke St,4,h,1300000.0,7/11/2016,1.0,1.0,586.0,74.0,-37.7726,145.0396
ID739799747,10 Crown St,3,h,870000.0,8/10/2016,2.0,0.0,167.0,49.0,-37.7869,144.9228
ID727502922,2 Amaroo Ct,4,h,1088000.0,1/07/2017,1.0,1.0,536.0,14.0,-37.8534,145.14218
ID516647813,6/137 Hickford St,3,t,530000.0,8/10/2016,2.0,1.0,229.0,11.0,-37.7036,145.0145
ID492361755,1/19 Cameron Rd,2,u,691000.0,25/02/2017,1.0,1.0,201.0,24.0,-37.7454,144.928
ID437586267,15/496 Dandenong Rd,2,u,450000.0,18/03/2017,1.0,1.0,1092.0,5.0,-37.8647,145.0232
ID757670073,19 Newry St,3,h,1320000.0,28/05/2016,1.0,0.0,365.0,5.0,-37.8554,145.0001
ID982897552,85 Nepean Hwy,3,h,1300000.0,16/09/2017,2.0,2.0,673.0,69.0,-38.02094,145.09736999999996
ID998105016,20 Kooyong Rd,3,t,1715000.0,16/09/2017,3.0,1.0,1889.0,99.0,-37.861090000000004,145.01994
ID711393190,32 Lobb St,3,t,820000.0,25/02/2017,2.0,2.0,4668.0,8.0,-37.7687,144.9649
ID406304256,504/26 Shuter St,3,u,670000.0,3/09/2016,2.0,2.0,0.0,19.0,-37.7672,144.9209
ID243328564,49/2 Exhibition St,1,u,659000.0,10/09/2016,1.0,1.0,0.0,13.0,-37.8157,144.9727
ID956983812,25 Bolinda Rd,4,h,1905000.0,3/12/2016,2.0,2.0,647.0,64.0,-37.7917,145.0868
ID776083809,205/15 Pickles St,2,u,600000.0,29/04/2017,1.0,1.0,0.0,14.0,-37.8443,144.9442
ID156066802,9 Middleton St,3,h,834500.0,9/09/2017,1.0,4.0,685.0,74.0,-37.78481,144.8623
ID932460817,5 Tarnook Ct,4,h,854000.0,15/07/2017,2.0,2.0,676.0,44.0,-37.97936,145.13302
ID515447788,1/68 Edgar St,2,h,677200.0,3/12/2016,2.0,1.0,180.0,8.0,-37.8115,144.8763
ID714040243,2/2 Dundas St,2,u,450000.0,18/03/2017,1.0,1.0,0.0,49.0,-37.7526,145.0023
ID526012702,2/9 Grace St,3,t,800000.0,17/06/2017,2.0,1.0,161.0,7.0,-37.735659999999996,144.89368000000005
ID764705812,150 Page St,3,h,1750000.0,27/05/2017,2.0,0.0,138.0,134.0,-37.84962,144.95856
ID562225551,16 Wurruk St,3,h,650000.0,24/06/2017,1.0,4.0,616.0,59.0,-37.71245,144.97059
ID367985455,19/877 Punt Rd,1,u,360000.0,12/11/2016,1.0,1.0,0.0,49.0,-37.8339,144.9872
ID729649999,721 Ballarat Rd,3,h,730000.0,19/08/2017,2.0,2.0,739.0,49.0,-37.77245,144.8001
ID640863677,21 Woorite Pl,3,h,900000.0,12/11/2016,1.0,1.0,713.0,49.0,-37.7301,144.8671
ID252882656,73 Pecham St,3,h,963500.0,27/05/2017,2.0,6.0,697.0,59.0,-37.69647,144.9113
ID917954022,11 Leura Ct,3,h,627000.0,22/07/2017,1.0,2.0,573.0,59.0,-37.69148,144.89873
ID776083809,205/15 Pickles St,2,u,600000.0,29/04/2017,1.0,1.0,0.0,14.0,-37.8443,144.9442
ID860300507,2 Michael Ct,3,t,840000.0,15/10/2016,2.0,2.0,374.0,29.0,-37.7445,144.8834
ID919432006,4 Gordon St,3,h,1340000.0,10/09/2016,2.0,1.0,526.0,109.0,-37.9279,145.031
ID541406485,201/63 Acland St,1,u,430000.0,12/11/2016,1.0,1.0,1409.0,19.0,-37.8661,144.9772
ID568234943,13 Mutton Rd,3,h,540000.0,7/11/2016,1.0,1.0,614.0,59.0,-37.7141,144.9677
ID949469039,2 Addison St,3,h,1370000.0,16/04/2016,1.0,2.0,427.0,10.0,-37.7702,144.9266
ID115967679,18 Benjamin St,3,h,860000.0,15/07/2017,1.0,3.0,446.0,109.0,-37.79354,144.8328
ID199586073,2/21 Elphin Gr,2,u,657500.0,19/11/2016,1.0,1.0,728.0,54.0,-37.8177,145.0424
ID717317021,2/26 Grandview Rd,3,u,773000.0,26/07/2016,1.0,1.0,275.0,69.0,-37.7383,144.8898
ID294811672,25 Agnew St,4,h,1650000.0,22/05/2016,2.0,4.0,506.0,22.0,-37.9111,145.0108
ID173413975,7 Colclough Ct,5,h,960000.0,27/06/2016,3.0,2.0,387.0,19.0,-37.7225,144.9055
ID146523253,36 Primrose St,3,h,1065000.0,10/12/2016,1.0,1.0,395.0,109.0,-37.7593,144.9276
ID260185717,11 Milfay Ct,3,h,1651000.0,27/11/2016,1.0,2.0,657.0,59.0,-37.7895,145.0985
ID583944644,111/101 Grattan St,2,u,610250.0,7/05/2016,1.0,1.0,0.0,25.0,-37.8009,144.9662
ID632834834,20 Stewart St,3,h,1650000.0,27/11/2016,1.0,1.0,354.0,119.0,-37.8225,145.0551
ID594742514,73 Nurlendi Rd,4,h,1263500.0,26/08/2017,2.0,2.0,791.0,49.0,-37.84467,145.19276000000005
ID730796434,12 Pendle St,4,h,1506000.0,17/09/2016,2.0,3.0,669.0,39.0,-37.81800000000001,145.1354
ID370367000,20 Westminster Dr,3,h,892500.0,22/05/2016,1.0,1.0,586.0,54.0,-37.7642,144.8603
ID156851467,13 Haddon Ct,8,h,741000.0,23/09/2017,3.0,1.0,1063.0,39.0,-37.65826,144.92538000000005
ID711415120,17 Marigolds Rd,3,h,800000.0,27/11/2016,2.0,2.0,660.0,25.0,-37.7285,145.0845
ID571914670,45 Stanley St,2,h,1220000.0,12/08/2017,1.0,2.0,829.0,59.0,-37.71259000000001,144.91218999999995
ID606633633,6 Younger St,4,h,931000.0,28/05/2016,1.0,1.0,412.0,99.0,-37.7432,144.9768
ID502640530,13 Norville St,3,h,1165000.0,12/11/2016,1.0,1.0,732.0,10.0,-37.9334,145.0667
ID883845320,7/7 Allard St,2,u,385000.0,18/03/2017,1.0,1.0,0.0,49.0,-37.7688,144.9421
ID694886560,51 Alston St,3,h,887000.0,12/11/2016,2.0,2.0,540.0,84.0,-37.7554,145.0211
ID301890723,23 Moore St,2,h,800000.0,27/06/2016,1.0,2.0,260.0,79.0,-37.7969,144.9042
ID530063758,5/23 Daisy St,2,u,411000.0,12/11/2016,1.0,1.0,0.0,69.0,-37.7547,144.9107
ID649713912,4/140 Darebin Rd,3,u,810000.0,17/09/2016,1.0,2.0,150.0,19.0,-37.7648,145.0098
ID820465163,67 McEwan Rd,3,h,1010000.0,27/05/2017,1.0,2.0,648.0,6.0,-37.73658,145.05341
ID434490475,2 Kelvin Cl,4,h,1080000.0,17/09/2016,3.0,2.0,539.0,43.0,-37.7444,144.8847
ID425131692,57 Charles St,2,h,850000.0,1/07/2017,1.0,1.0,152.0,109.0,-37.80697,144.8928
ID281315511,13/27 Patterson Rd,2,u,650000.0,10/12/2016,1.0,1.0,116.0,59.0,-37.9245,145.0336
ID489304331,191 Scotchmer St,3,h,1300000.0,26/07/2016,1.0,1.0,203.0,129.0,-37.7834,144.9862
ID740714189,16 Cool St,2,h,840000.0,24/09/2016,1.0,1.0,714.0,5.0,-37.726,144.9858
ID589519760,31 Hooker Rd,3,h,412700.0,19/08/2017,1.0,1.0,299.0,14.0,-37.89513,144.64056000000005
ID613518864,1 Carina Dr,5,h,460000.0,3/09/2017,2.0,2.0,590.0,27.0,-37.68217,144.56926
ID553854033,2 Buckingham St,3,h,747000.0,16/07/2016,1.0,1.0,246.0,79.0,-37.8012,144.8924
ID205652633,25 Robinson St,4,h,2150000.0,19/11/2016,3.0,2.0,614.0,49.0,-37.9186,145.0175
ID354779762,5 Cooloongatta Rd,3,h,1800000.0,16/04/2016,2.0,0.0,584.0,99.0,-37.8349,145.0758
ID162082661,109 Simpson St,3,h,1875000.0,17/06/2017,1.0,0.0,118.0,129.0,-37.81351,144.98803999999996
ID582194645,229 Rathmines St,2,h,1220000.0,7/05/2016,1.0,2.0,537.0,69.0,-37.7689,145.0177
ID968202785,17 Roberts St,2,h,1220000.0,29/07/2017,1.0,1.0,459.0,11.0,-37.76695,144.98203999999996
ID667472744,26 Kirkwood Av,5,h,3350000.0,12/08/2017,4.0,4.0,700.0,44.0,-37.95762,145.01418
ID636072571,7/35 Grieve Pde,2,u,458000.0,9/09/2017,1.0,1.0,63.0,44.0,-37.86933,144.81704
ID397718929,76 Kidman St,3,h,670000.0,27/06/2016,1.0,1.0,463.0,69.0,-37.8137,144.8636
ID870187505,120 Templestowe Rd,3,h,742500.0,3/12/2016,1.0,2.0,313.0,39.0,-37.7556,145.0946
ID222095454,44 Byron St,2,h,990000.0,15/10/2016,2.0,1.0,584.0,11.0,-37.8016,144.9508
ID357024553,43 Woodside St,2,h,1802500.0,8/04/2017,2.0,1.0,182.0,139.0,-37.7843,144.9902
ID894436415,5 Unsworth Rd,4,h,1283000.0,16/09/2017,2.0,2.0,1019.0,69.0,-37.8004,145.23256999999995
ID919702093,54 McConnell St,4,h,1415000.0,17/06/2017,2.0,0.0,199.0,37.0,-37.7916,144.92855
ID427541038,22 McPherson St,4,h,1310000.0,16/04/2016,3.0,2.0,475.0,129.0,-37.7609,144.9285
ID872977704,34 Warralong Av,3,h,700000.0,3/09/2017,1.0,2.0,676.0,14.0,-37.71825,145.09488000000005
ID587379863,217 Huntingdale Rd,4,h,1126000.0,8/04/2017,1.0,1.0,656.0,69.0,-37.8696,145.1111
ID346983115,2/79 Barkly St,2,u,700000.0,28/05/2016,1.0,1.0,0.0,24.0,-37.8626,144.9818
ID325820023,95 Bank St,2,h,1151000.0,23/09/2017,1.0,0.0,128.0,129.0,-37.832809999999995,144.96633
ID434775059,2115/18 Mt Alexander Rd,2,u,341500.0,15/07/2017,1.0,1.0,16000.0,7.0,-37.784659999999995,144.93829
ID821479682,64 Adeney Av,5,h,2660000.0,12/08/2017,2.0,2.0,696.0,79.0,-37.803470000000004,145.0489
ID325593977,4/23 Carmen St,3,h,740000.0,15/07/2017,1.0,2.0,204.0,29.0,-37.84234,144.86622
ID759851279,30 Davidson St,5,h,925000.0,24/09/2016,3.0,4.0,922.0,5.0,-37.6961,144.9865
ID328200509,16 Cain Ct,3,h,1005000.0,22/07/2017,1.0,2.0,636.0,34.0,-37.863170000000004,144.83927
ID695466875,33 Walker St,4,h,1400000.0,28/08/2016,2.0,2.0,595.0,119.0,-37.7641,144.9265
ID757670073,19 Newry St,3,h,1320000.0,28/05/2016,1.0,0.0,365.0,5.0,-37.8554,145.0001
ID689505630,4/15 Stapley Cr,3,u,451500.0,15/07/2017,1.0,1.0,180.0,54.0,-37.83648,144.86296000000004
ID803155780,1/43 Abbotsford St,2,u,505000.0,27/05/2017,1.0,1.0,0.0,49.0,-37.80206,145.00015
ID490123164,145/38 Mt Alexander Rd,2,u,315000.0,28/05/2016,1.0,1.0,0.0,7.0,-37.7847,144.9383
ID300889203,28 Claire Wy,4,h,586000.0,8/07/2017,2.0,2.0,462.0,7.0,-37.851620000000004,144.66522
ID540202986,26 Ayr St,6,h,1430000.0,16/04/2016,2.0,1.0,461.0,119.0,-37.78,144.9295
ID220271840,106/26 Shuter St,3,u,565000.0,10/09/2016,2.0,1.0,0.0,18.0,-37.7672,144.9209
ID266456825,17 Station Rd,4,h,1085000.0,8/10/2016,1.0,2.0,458.0,39.0,-37.8571,144.8915
ID895933928,581 Waterdale Rd,2,h,532000.0,27/05/2017,2.0,1.0,220.0,69.0,-37.73549000000001,145.0487
ID158096238,2b Roberts Rd,3,u,850000.0,3/06/2017,2.0,1.0,307.0,59.0,-37.72649000000001,144.88488999999996
ID460267908,4/6 Pine Av,2,u,730000.0,22/07/2017,2.0,1.0,0.0,6.0,-37.88678,144.98855
ID904065676,30 Pinrush Rd,4,h,456000.0,29/07/2017,2.0,2.0,576.0,9.0,-37.69104,144.54532
ID273581446,41 Saltley St,3,t,855000.0,27/11/2016,2.0,2.0,337.0,44.0,-37.8288,144.8681
ID484855437,37/151 Fitzroy St,2,u,571000.0,12/06/2016,1.0,1.0,7458.0,18.0,-37.8591,144.97899999999996
ID415562564,258 Nicholson St,3,h,920000.0,16/07/2016,2.0,1.0,309.0,109.0,-37.806999999999995,144.898
ID429178069,268 Faraday St,1,u,435000.0,13/08/2016,1.0,1.0,0.0,19.0,-37.7982,144.9651
ID144984475,37 Lee St,3,h,589000.0,9/09/2017,2.0,2.0,544.0,23.0,-37.7687,144.75833
ID658147215,190 Gore St,2,h,1440000.0,17/09/2016,1.0,0.0,95.0,129.0,-37.8032,144.9825
ID200878382,216 Sunshine Av,3,h,572000.0,23/09/2017,1.0,2.0,554.0,44.0,-37.73522,144.82044
ID945558283,59 David St,3,h,705500.0,24/06/2017,1.0,4.0,670.0,59.0,-37.67328,145.02918
ID582861125,29 Mabel St,4,h,2216000.0,8/04/2017,2.0,0.0,670.0,89.0,-37.8378,145.089
ID472967867,25 Dickmann St,3,h,1361000.0,25/02/2017,2.0,1.0,99.0,119.0,-37.8249,144.9976
ID312855701,8 Plym St,4,h,1107000.0,22/04/2017,2.0,2.0,478.0,23.0,-37.9321,145.0361
ID878488632,4/44 Victoria St,2,u,653000.0,10/09/2016,1.0,1.0,129.0,7.0,-37.7422,144.9606
ID338474596,29 Holywood Gr,3,h,1370000.0,12/08/2017,1.0,2.0,485.0,13.0,-37.885529999999996,145.05012
ID873737507,23 Henry St,3,h,1200000.0,22/08/2016,1.0,1.0,374.0,7.0,-37.8057,144.8882
ID249478547,4 Sharp Gr,2,h,765000.0,8/10/2016,1.0,2.0,563.0,94.0,-37.723,144.96
ID196682498,143 Burnley St,2,h,777500.0,14/05/2016,1.0,1.0,151.0,119.0,-37.8171,145.009
ID624937962,4 Melliodora Pl,3,h,731000.0,18/06/2016,2.0,2.0,566.0,28.0,-37.7195,145.1034
ID939009721,15 Lilac St,4,h,1292000.0,29/04/2017,1.0,2.0,587.0,69.0,-37.9194,145.05700000000004
ID619148236,13 Bridge Rd,3,h,341000.0,15/07/2017,2.0,4.0,578.0,8.0,-37.71432,144.57431
ID327273625,7 Fairbairn Rd,3,h,520000.0,3/06/2017,2.0,2.0,535.0,39.0,-37.79414000000001,144.81855
ID939889501,3/2 Kardella St,3,u,707500.0,18/06/2016,1.0,1.0,170.0,44.0,-37.8689,145.0504
ID581726409,4/4 Powell St,1,u,401500.0,15/07/2017,1.0,1.0,10.0,59.0,-37.841570000000004,144.98935
ID232692373,2/21 Lillimur Rd,1,u,454000.0,1/07/2017,1.0,1.0,1006.0,9.0,-37.90164,145.04138999999995
ID907936620,61 Dent St,4,h,2650000.0,3/09/2016,3.0,2.0,753.0,4.0,-37.8669,145.0767
ID479845003,33 Hockey La,3,h,1255000.0,15/10/2016,2.0,2.0,308.0,99.0,-37.7759,144.9338
ID253462348,160 Bent St,4,h,1420000.0,28/05/2016,1.0,1.0,465.0,129.0,-37.7662,144.9889
ID692127960,2/44 Richardson St,3,h,825000.0,10/12/2016,1.0,3.0,477.0,64.0,-37.7499,144.9127
ID167671153,27 Norfolk Cr,3,h,710000.0,15/07/2017,1.0,1.0,540.0,51.0,-37.70636,145.05462
ID950083085,5/25 Ashley St,2,u,300000.0,26/07/2016,1.0,1.0,87.0,49.0,-37.7174,145.0016
ID309963963,18 Boase St,2,h,700000.0,3/06/2017,1.0,1.0,61.0,12.0,-37.766,144.96076000000005
ID655153011,53 Mary St,3,h,1410000.0,26/07/2016,2.0,1.0,442.0,27.0,-37.8046,145.0382
ID654832636,9 Vine Gr,2,h,1630000.0,22/07/2017,1.0,1.0,618.0,44.0,-37.89347,145.04772
ID273301106,639 Punt Rd,4,h,1855500.0,8/07/2017,2.0,1.0,176.0,139.0,-37.839859999999994,144.98598
ID249117583,34 Booth St,2,h,890000.0,24/09/2016,1.0,3.0,493.0,69.0,-37.74,144.9821
ID604631795,17 Quarry Cct,4,h,1020000.0,24/06/2017,2.0,2.0,441.0,17.0,-37.73572,144.97256000000004
ID200377088,271 Edward St,2,h,1105000.0,3/06/2017,1.0,2.0,173.0,129.0,-37.775240000000004,144.97529
ID469687172,21 Hamilton St,3,h,975000.0,13/08/2016,1.0,1.0,822.0,69.0,-37.7379,144.8854
ID898360562,138/56 Nicholson St,3,u,1090000.0,18/03/2017,2.0,2.0,4290.0,9.0,-37.8078,144.9965
ID952230950,1/3 Evans St,3,u,960000.0,15/07/2017,2.0,2.0,382.0,19.0,-37.88304,145.0969
ID571977462,33 Disraeli St,3,h,1440000.0,27/11/2016,1.0,1.0,298.0,119.0,-37.8021,145.0391
ID816044196,7/75 Rosanna Rd,2,h,490000.0,10/12/2016,1.0,1.0,187.0,39.0,-37.7518,145.0698
ID516407903,13/4 Gordon Gr,2,u,480000.0,27/06/2016,1.0,1.0,0.0,54.0,-37.8337,144.9886
ID696858265,1/143 Bradshaw St,2,u,762000.0,3/06/2017,1.0,1.0,195.0,9.0,-37.74125,144.89502
ID271273739,38 Grandview Gr,2,h,950000.0,4/06/2016,1.0,3.0,649.0,69.0,-37.9424,145.0464
ID644553337,213 Stokes St,3,h,1380000.0,28/05/2016,1.0,0.0,0.0,129.0,-37.8373,144.9397
ID518210325,21 Wolseley Gr,4,h,2405000.0,28/05/2016,1.0,2.0,695.0,49.0,-37.9262,144.9969
ID979191494,17 Gordon St,3,t,900000.0,13/05/2017,2.0,2.0,575.0,2.0,-37.8389,144.8666
ID679353089,11 Martin St,3,h,1272000.0,26/07/2016,1.0,0.0,297.0,99.0,-37.7609,145.0016
ID380541103,1/316 Tucker Rd,2,h,758000.0,4/03/2017,1.0,1.0,250.0,59.0,-37.9063,145.0535
ID972651005,30 Veronica St,2,h,825000.0,3/09/2016,2.0,1.0,176.0,11.0,-37.9237,145.0763
ID939889501,3/2 Kardella St,3,u,707500.0,18/06/2016,1.0,1.0,170.0,44.0,-37.8689,145.0504
ID913511617,16 Cliff St,3,h,1630000.0,27/11/2016,2.0,2.0,563.0,49.0,-37.7579,144.9114
ID184743280,57 Crevelli St,2,h,560000.0,1/07/2017,1.0,1.0,198.0,59.0,-37.72874,145.02988
ID624784033,51 Garfield St,3,h,1120000.0,17/06/2017,2.0,2.0,134.0,12.0,-37.811859999999996,144.99472
ID705807351,8 Princes St,3,h,1150000.0,8/04/2017,1.0,0.0,308.0,119.0,-37.8526,144.895
ID896398995,7 The Mews,3,h,710000.0,29/04/2017,1.0,4.0,990.0,69.0,-37.7928,144.8068
ID286863503,24 Highbury Cl,3,h,700000.0,19/08/2017,2.0,3.0,660.0,129.0,-37.73881,144.73543
ID275972618,47 Hoddle St,3,h,1085000.0,27/06/2016,1.0,1.0,325.0,119.0,-37.7525,144.9232
ID852094534,75 Sutherland Rd,3,h,1285000.0,25/02/2017,1.0,2.0,186.0,99.0,-37.8554,145.0173
ID853104177,18 Wigan Cl,4,h,730000.0,9/09/2017,2.0,2.0,400.0,7.0,-37.617290000000004,145.0238
ID570597804,9 Empress Rd,3,h,1864000.0,10/09/2016,2.0,1.0,405.0,69.0,-37.8203,145.0881
ID561132518,2/2 Flowerdale Rd,2,u,801000.0,19/11/2016,1.0,1.0,217.0,25.0,-37.9432,145.0348
ID768854912,93 Westmoreland Rd,2,h,715000.0,15/10/2016,1.0,2.0,588.0,64.0,-37.7674,144.8362
ID900529707,54 Dunstan Av,2,h,1110000.0,22/07/2017,1.0,0.0,196.0,97.0,-37.75815,144.97366
ID676971987,30 Waratah Dr,3,h,940000.0,23/04/2016,1.0,1.0,661.0,39.0,-37.7611,145.1168
ID741270051,63 Lovell Dr,3,h,600000.0,24/06/2017,1.0,3.0,565.0,49.0,-37.764540000000004,144.80611000000005
ID222199044,7 Danthonia St,4,h,850000.0,3/06/2017,2.0,2.0,300.0,39.0,-37.7296,144.97988
ID313932970,52 Alexander St,2,h,990000.0,18/03/2017,1.0,2.0,306.0,89.0,-37.8037,144.8893
ID911374270,39 Kinsale St,4,h,1030000.0,7/11/2016,2.0,3.0,630.0,84.0,-37.721,144.9952
ID708954588,1/32 Sutherland St,3,h,545000.0,12/11/2016,2.0,3.0,230.0,19.0,-37.7073,144.9486
ID674552129,27 Metung St,4,h,2410000.0,24/09/2016,2.0,1.0,685.0,79.0,-37.8056,145.071
ID968057560,3/367 Williamstown Rd,2,u,440000.0,8/07/2017,1.0,1.0,100.0,119.0,-37.82356,144.88191
ID273301106,639 Punt Rd,4,h,1855500.0,8/07/2017,2.0,1.0,176.0,139.0,-37.839859999999994,144.98598
ID980131891,33 Fenton St,4,h,1750000.0,17/06/2017,2.0,1.0,360.0,109.0,-37.77459,144.92993
ID299633352,186 Queens Pde,2,t,930000.0,3/09/2016,3.0,0.0,2778.0,69.0,-37.7903,144.9859
ID565530407,3/32 Iris Rd,2,u,785000.0,24/09/2016,1.0,1.0,0.0,109.0,-37.8488,145.0573
ID547875791,1/168 Beach Rd,4,h,2185000.0,8/07/2017,2.0,3.0,220.0,9.0,-38.00205,145.07853
ID958181140,5 Arnot St,3,t,1230000.0,28/05/2016,2.0,2.0,297.0,39.0,-37.9124,145.0132
ID821518736,4 Longwood Dr,3,h,557500.0,3/09/2017,1.0,2.0,654.0,69.0,-37.63923,145.05306000000004
ID378393598,10 View Ct,4,h,737500.0,27/05/2017,2.0,2.0,704.0,15.0,-37.68175,144.74087
ID830106657,10 Margot Av,4,h,1663000.0,8/07/2017,3.0,2.0,674.0,37.0,-37.77102,145.13338000000005
ID140852270,189 Rathmines St,3,h,1500000.0,27/11/2016,1.0,1.0,0.0,109.0,-37.7714,145.0173
ID999798053,17 Winter Ct,5,h,725000.0,27/05/2017,2.0,2.0,574.0,49.0,-37.66936,145.05413000000001
ID359777529,79 Bamfield Rd,3,h,885000.0,3/06/2017,1.0,1.0,592.0,59.0,-37.737359999999995,145.05603
ID507831619,14/410 Waverley Rd,3,t,922000.0,10/09/2016,2.0,2.0,0.0,19.0,-37.8782,145.0649
ID382723489,6 Berry St,2,h,900000.0,10/12/2016,1.0,0.0,95.0,119.0,-37.8193,144.9976
ID689092441,3/505 High St,2,u,515000.0,10/12/2016,1.0,1.0,743.0,134.0,-37.8017,145.0445
ID629215046,31 Orchard St,5,h,2100000.0,16/04/2016,5.0,2.0,552.0,99.0,-37.9012,144.997
ID309552044,3 Doull Ct,3,t,650000.0,3/09/2017,2.0,1.0,145.0,4.0,-37.932109999999994,145.18955
ID988583843,6 Medhurst St,3,h,980000.0,16/09/2017,1.0,1.0,590.0,59.0,-37.85029,145.13846
ID824260609,25 Smith St,2,h,1316000.0,18/03/2017,1.0,0.0,215.0,111.0,-37.869,144.9826
ID631840482,64 Magnolia Ct,4,h,1325000.0,17/09/2016,3.0,2.0,740.0,51.0,-37.7728,145.1271
ID961969614,3 Scotts Pde,4,h,1720000.0,22/08/2016,2.0,3.0,631.0,84.0,-37.7771,145.0448
ID675879350,55 Fran St,5,h,705000.0,17/09/2016,3.0,2.0,612.0,49.0,-37.7022,144.9054
ID841460177,21 Grattan St,4,h,2705000.0,25/02/2017,2.0,2.0,0.0,6.0,-37.8012,144.9689
ID834279813,4 Pacific Pl,3,h,760000.0,22/07/2017,3.0,2.0,654.0,8.0,-37.69394000000001,144.7795
ID430397701,7/37 Blyth St,2,h,730000.0,3/06/2017,1.0,1.0,134.0,49.0,-37.76569,144.9656
ID871941167,154 Milleara Rd,3,h,725000.0,4/06/2016,1.0,1.0,657.0,54.0,-37.7411,144.8638
ID150263329,220 Napier St,3,h,1160000.0,27/06/2016,1.0,1.0,651.0,19.0,-37.7416,144.9204
ID807770546,75 Victor Rd,3,t,825000.0,17/09/2016,1.0,1.0,642.0,9.0,-37.9269,145.0787
ID713900053,12 Tantani St,3,h,506000.0,15/07/2017,1.0,4.0,578.0,35.0,-38.13743,145.16702
ID545950326,32 Churchill Dr,3,h,730000.0,3/06/2017,2.0,2.0,947.0,41.0,-37.76517,145.3298
ID458213541,59A Fyffe St,3,h,1190000.0,18/03/2017,1.0,0.0,0.0,49.0,-37.7539,144.989
ID469706432,6/183 Kooyong Rd,2,u,866000.0,30/07/2016,0.0,0.0,0.0,84.0,-37.8458,145.0221
ID750818180,17 Highwood Dr,5,h,1206000.0,3/09/2017,2.0,2.0,784.0,49.0,-37.898559999999996,145.17682
ID375301228,18 Vickery St,4,h,2525000.0,9/09/2017,2.0,2.0,576.0,119.0,-37.87427,145.05014
ID147482375,1 Tynan St,3,h,1070000.0,18/03/2017,1.0,2.0,585.0,69.0,-37.7358,144.9889
ID309129025,24A South St,4,h,750074.0,19/11/2016,2.0,1.0,302.0,54.0,-37.7149,144.9474
ID309129025,24A South St,4,h,750074.0,19/11/2016,2.0,1.0,302.0,54.0,-37.7149,144.9474
ID704598267,2/80 Hawker St,2,u,480000.0,29/04/2017,1.0,1.0,128.0,10.0,-37.7216,144.8837
ID183564414,4 Brownfield St,3,h,1275000.0,12/08/2017,2.0,2.0,656.0,59.0,-37.967909999999996,145.06241
ID919497768,303/62 Altona St,1,u,355000.0,8/04/2017,1.0,1.0,2581.0,39.0,-37.7979,144.9265
ID232692373,2/21 Lillimur Rd,1,u,454000.0,1/07/2017,1.0,1.0,1006.0,9.0,-37.90164,145.04138999999995
ID685722136,4 Collegian Av,3,h,1848000.0,26/08/2017,1.0,3.0,824.0,84.0,-37.737970000000004,144.92455
ID568086991,6 Fontein St,5,h,691000.0,18/06/2016,1.0,1.0,466.0,14.0,-37.8008,144.8665
ID894784608,36/86 Burnley St,2,u,550000.0,6/08/2016,1.0,2.0,0.0,19.0,-37.815,145.0089
ID706540681,41 Essex St,3,u,630000.0,3/06/2017,1.0,1.0,365.0,20.0,-37.72737,144.94593
ID875812442,99 Christmas St,2,h,1575000.0,7/11/2016,1.0,3.0,607.0,74.0,-37.7668,145.0149
ID705211408,10/51 Stephen St,2,u,397000.0,13/05/2017,1.0,1.0,0.0,44.0,-37.8128,144.8953
ID937706515,29 Lester Av,3,h,645000.0,23/09/2017,1.0,1.0,690.0,64.0,-37.74295,144.81009
ID661257223,43 Lister Cr,4,h,540000.0,3/09/2017,2.0,2.0,650.0,24.0,-37.56284,144.71187
ID453506315,4 Lindy Ct,3,h,750000.0,19/08/2017,1.0,3.0,775.0,19.0,-37.9748,145.15213
ID453416873,2605/63 Whiteman St,2,u,590000.0,3/06/2017,2.0,1.0,0.0,10.0,-37.82586,144.957
ID208574609,36 Denmark St,3,h,1290000.0,27/11/2016,1.0,0.0,321.0,84.0,-37.8116,145.0285
ID863625761,7/44 Darling St,2,u,630000.0,17/09/2016,1.0,1.0,0.0,6.0,-37.8361,144.9921
ID788818246,3/28 Ormond Rd,2,u,432000.0,15/10/2016,1.0,1.0,0.0,41.0,-37.773,144.9303
ID949677175,39 Kiewa St,3,h,1542000.0,8/04/2017,2.0,2.0,980.0,39.0,-37.7883,145.1387
ID513771229,18 Garnett Rd,4,h,1184000.0,12/08/2017,2.0,2.0,700.0,39.0,-37.911609999999996,145.19693999999996
ID512871645,3 Cotoneaster Ct,3,h,950000.0,3/09/2017,2.0,3.0,654.0,49.0,-37.91101,145.17293
ID168501346,147 Huntingdale Rd,3,h,785000.0,19/11/2016,1.0,1.0,557.0,59.0,-37.8671,145.1117
ID162470263,15 Davey St,3,h,948000.0,12/11/2016,1.0,2.0,384.0,69.0,-37.8167,145.1373
ID299618546,17 Wentworth Cl,4,h,950000.0,3/09/2017,2.0,2.0,879.0,24.0,-37.680009999999996,145.16
ID393729261,7/5 Allard St,2,u,370000.0,27/06/2016,1.0,1.0,0.0,49.0,-37.7686,144.9421
ID978686944,12/82 Campbell Rd,2,u,400000.0,17/09/2016,1.0,1.0,0.0,54.0,-37.8339,145.0548
ID199134630,31 Milford St,2,h,1030000.0,15/10/2016,1.0,2.0,470.0,89.0,-37.8471,144.8769
ID124160790,42 Oconnor St,2,h,610000.0,28/08/2016,1.0,2.0,383.0,49.0,-37.7103,145.0037
ID306487276,9 Ripon Gr,4,h,1650000.0,18/06/2016,3.0,2.0,386.0,106.0,-37.883,144.999
ID494293973,2/17 Greene St,2,u,300000.0,22/04/2017,1.0,1.0,0.0,49.0,-37.8288,144.8711
ID559349357,14 Venetian Ct,3,h,858000.0,16/09/2017,1.0,2.0,857.0,59.0,-37.802440000000004,145.29711
ID905793662,3 Capella St,2,h,1389000.0,22/05/2016,1.0,4.0,701.0,79.0,-37.7867,145.0718
ID560090363,144 Clarendon St,3,h,1290000.0,22/05/2016,1.0,2.0,435.0,99.0,-37.7607,145.0105
ID344622484,1/129 The Parade,2,u,566000.0,15/07/2017,1.0,1.0,1017.0,47.0,-37.772259999999996,144.90941999999995
ID837785830,36 Billson St,3,h,1800000.0,17/09/2016,1.0,1.0,703.0,104.0,-37.9185,145.0138
ID425554806,109 Stewart St,3,h,1080000.0,28/08/2016,2.0,1.0,316.0,109.0,-37.7643,144.9713
ID553327723,26 Thomas St,3,h,1346000.0,10/12/2016,1.0,0.0,187.0,104.0,-37.8169,144.996
ID599336638,160 Duke St,2,h,826000.0,16/07/2016,1.0,2.0,667.0,69.0,-37.7799,144.8473
ID372991824,16/74 Denbigh Rd,2,u,486000.0,22/07/2017,1.0,2.0,0.0,59.0,-37.85549,145.0163
ID563723692,131 Lord St,4,h,3335000.0,3/12/2016,2.0,2.0,319.0,126.0,-37.8244,145.0044
ID500997045,25 Castlewellan Bvd,4,h,1111000.0,19/08/2017,2.0,2.0,2002.0,69.0,-37.69547,144.73018000000005
ID642013976,4/38 Hampton Pde,2,u,266000.0,20/05/2017,1.0,1.0,1059.0,49.0,-37.8062,144.8665
ID246371812,42 Bryden Dr,4,h,850000.0,15/07/2017,2.0,1.0,738.0,34.0,-37.89863,145.26708
ID567884723,12 McLean Ct,4,h,1440000.0,16/09/2017,3.0,6.0,717.0,34.0,-37.87831,145.24575
ID754955548,124 Powlett St,3,h,3520000.0,4/06/2016,2.0,3.0,364.0,129.0,-37.8127,144.9861
ID497367456,109 Victor Rd,4,h,1100000.0,8/10/2016,2.0,4.0,653.0,64.0,-37.9244,145.0792
ID166568584,7/7 Simpson St,2,u,430000.0,15/10/2016,1.0,1.0,0.0,49.0,-37.7813,145.0062
ID521863228,2 Kaybrook Ct,3,h,1042500.0,22/04/2017,1.0,4.0,658.0,69.0,-37.9176,145.0839
ID932715550,38 Caroline St,3,h,1538000.0,18/06/2016,1.0,2.0,287.0,49.0,-37.8292,145.046
ID556083791,1 Weston St,3,h,1860000.0,14/05/2016,1.0,4.0,671.0,59.0,-37.8117,145.0775
ID568999792,4/77 Pender St,2,u,350000.0,18/06/2016,1.0,1.0,0.0,59.0,-37.7542,145.01
ID716049722,6/210 Domain Rd,2,u,832000.0,15/10/2016,1.0,1.0,0.0,59.0,-37.8342,144.9842
ID722724141,392 Station St,2,h,2400000.0,12/11/2016,2.0,0.0,413.0,119.0,-37.7875,144.9759
ID708078445,1/34 Campbell St,2,u,525000.0,15/07/2017,1.0,1.0,0.0,39.0,-37.82118,145.24138
ID467408059,4/14 Brickwood St,2,u,858000.0,18/03/2017,1.0,1.0,107.0,69.0,-37.8958,144.9982
ID174464165,27 Snapshot Dr,5,h,1172000.0,19/11/2016,3.0,2.0,425.0,5.0,-37.7302,144.9816
ID516248204,73 Barkly St,3,h,1265000.0,27/05/2017,1.0,0.0,161.0,99.0,-37.77742,144.97388
ID628644807,396 Waterdale Rd,3,h,697500.0,12/08/2017,1.0,1.0,430.0,89.0,-37.74962,145.04658
ID574294583,8/57 Adams St,1,u,555000.0,12/11/2016,1.0,1.0,630.0,49.0,-37.8356,144.9773
ID486648450,53 Bridge St,4,h,3325000.0,25/02/2017,3.0,2.0,627.0,22.0,-37.9449,145.0068
ID891854149,124 Raleigh St,5,h,560000.0,27/05/2017,2.0,2.0,626.0,7.0,-37.67688,144.88996
ID121267221,28 Princess St,5,h,1018000.0,17/06/2017,2.0,2.0,737.0,29.0,-37.71729000000001,144.96403
ID988157154,380 Ross St,3,t,1388000.0,17/06/2017,2.0,2.0,104.0,4.0,-37.83165,144.94411000000005
ID988157154,380 Ross St,3,t,1388000.0,17/06/2017,2.0,2.0,104.0,4.0,-37.83165,144.94411000000005
ID520389849,1/33 Staughton St,2,h,280500.0,8/07/2017,1.0,1.0,180.0,29.0,-37.70411,144.57159
ID608521950,58 Scotchmer St,2,h,1345000.0,8/04/2017,1.0,0.0,176.0,139.0,-37.7831,144.9805
ID731674749,4/221 Blackshaws Rd,2,u,292000.0,28/08/2016,1.0,1.0,153.0,49.0,-37.8332,144.8649
ID121772657,2/7 Murra Ct,3,h,860000.0,17/06/2017,2.0,2.0,280.0,29.0,-37.87105,145.10198
ID605819337,5/322 Buckley St,2,u,460000.0,14/05/2016,1.0,1.0,0.0,59.0,-37.7545,144.8964
ID640668317,1/22 Rathmines St,2,u,667000.0,17/06/2017,1.0,1.0,86.0,10.0,-37.78203,145.01508
ID843609085,11 Nottingham St,5,h,1710000.0,10/09/2016,2.0,2.0,566.0,129.0,-37.7893,144.933
ID434727982,5/19 Elm St,2,u,740000.0,3/06/2017,1.0,2.0,193.0,49.0,-37.83275,145.1055
ID832085809,244a South Rd,3,h,930000.0,3/09/2016,1.0,1.0,329.0,89.0,-37.9317,145.0218
ID906214108,1/2 Dakara Cl,3,u,420000.0,22/07/2017,1.0,1.0,658.0,29.0,-37.64821,144.92526999999995
ID244338435,83A Spencer St,2,h,745000.0,6/05/2017,1.0,1.0,342.0,54.0,-37.7459,144.8962
ID437163094,2 Quarry Cct,4,h,1131000.0,8/10/2016,2.0,2.0,494.0,18.0,-37.7359,144.9711
ID597420864,13 Sussex St,5,h,1415000.0,17/09/2016,3.0,6.0,705.0,14.0,-37.864000000000004,144.8437
ID675533633,6b Howell St,3,u,845000.0,22/04/2017,1.0,2.0,242.0,23.0,-37.9302,145.0331
ID733636988,5 Hood St,2,h,1000000.0,4/03/2017,1.0,1.0,220.0,109.0,-37.8115,144.8875
ID120893791,19 Perry St,3,h,1575000.0,7/11/2016,2.0,3.0,430.0,23.0,-37.8613,144.8939
ID160205405,1/17 Albion St,2,h,981000.0,25/02/2017,1.0,0.0,159.0,89.0,-37.874,144.9933
ID253462348,160 Bent St,4,h,1420000.0,28/05/2016,1.0,1.0,465.0,129.0,-37.7662,144.9889
ID293074484,41 Queen St,3,h,1690000.0,27/06/2016,2.0,2.0,692.0,13.0,-37.9043,145.0358
ID886053104,70 Wetherby Rd,3,h,1410000.0,19/08/2017,1.0,2.0,723.0,24.0,-37.79309,145.14287
ID624750217,12 Chaucer St,5,h,2405000.0,10/12/2016,2.0,1.0,0.0,109.0,-37.7696,144.9227
ID598219772,67 Charles St,2,h,1100000.0,20/05/2017,1.0,1.0,189.0,49.0,-37.7767,144.9924
ID524219099,21 Darvall St,2,h,971000.0,4/06/2016,1.0,1.0,608.0,59.0,-37.7407,145.0612
ID542176593,2 French St,3,t,820000.0,18/03/2017,2.0,1.0,122.0,39.0,-37.8021,144.8976
ID577151146,1 Athol St,4,h,1350000.0,10/09/2016,2.0,2.0,447.0,139.0,-37.7704,144.9199
ID926167580,3/56 Beach Rd,2,u,738000.0,26/07/2016,1.0,2.0,3414.0,12.0,-37.9395,145.0001
ID277185905,3/34 Grange Rd,1,u,316000.0,20/05/2017,1.0,1.0,0.0,52.0,-37.7786,145.0253
ID904509069,7/675 Park St,1,u,418000.0,13/05/2017,1.0,1.0,0.0,49.0,-37.7783,144.9635
ID839871426,50 Hotham Rd,3,h,1015000.0,22/08/2016,1.0,1.0,643.0,69.0,-37.736,144.8839
ID205776301,44 Thompson St,3,t,1250000.0,10/09/2016,2.0,2.0,326.0,19.0,-37.903,145.0285
ID828394586,35 Chandler St,4,h,1400000.0,4/03/2017,2.0,4.0,457.0,39.0,-37.8517,144.8923
ID683259533,50 Church St,2,h,1385000.0,26/08/2017,1.0,0.0,176.0,129.0,-37.78852,144.97871999999995
ID487603733,1/91 Truganini Rd,2,u,620000.0,3/06/2017,1.0,2.0,158.0,49.0,-37.89267,145.05473999999995
ID572977180,130 Rathdowne St,4,h,1616000.0,25/02/2017,1.0,0.0,152.0,129.0,-37.7966,144.9709
ID886393224,2 Kerang Av,3,h,760000.0,8/07/2017,1.0,1.0,606.0,69.0,-37.72057,145.02615
ID990694947,6 Bass St,4,h,1625000.0,19/11/2016,2.0,2.0,620.0,107.0,-37.8279,145.121
ID431296844,45 Cuthbert St,3,h,616000.0,12/08/2017,1.0,1.0,695.0,49.0,-37.68489,144.93169
ID449677853,2/60 Budd St,3,t,887500.0,22/05/2016,2.0,1.0,81.0,19.0,-37.7961,144.9874
ID986853362,1/29 Atkinson St,3,t,905000.0,20/05/2017,1.0,2.0,418.0,64.0,-37.885999999999996,145.096
ID414182814,9 Mountain St,6,h,1800000.0,27/06/2016,2.0,2.0,870.0,119.0,-37.7517,144.9018
ID215258463,1/20 Church St,2,u,520000.0,17/06/2017,1.0,1.0,418.0,49.0,-37.83777,145.26345
ID762220546,12/132 Princes St,2,u,556000.0,16/07/2016,2.0,1.0,0.0,10.0,-37.784,144.9356
ID519345863,54 South St,5,h,1905000.0,18/03/2017,2.0,2.0,521.0,80.0,-37.7778,144.9261
ID385373603,8 Grand Bvd,3,h,881100.0,12/08/2017,2.0,4.0,786.0,59.0,-37.72532,145.12488000000005
ID487055850,25 Downing St,3,h,718000.0,13/05/2017,1.0,2.0,551.0,89.0,-37.771,144.8389
ID878854780,23/146 Power St,1,u,320000.0,3/12/2016,1.0,0.0,0.0,69.0,-37.8235,145.0258
ID860890383,3/37 Brunswick Rd,2,u,665000.0,16/07/2016,1.0,1.0,0.0,79.0,-37.7786,144.9753
ID602371210,2/123 Waterdale Rd,3,t,975000.0,24/06/2017,2.0,1.0,103.0,22.0,-37.76676,145.04333
ID651788624,3/50 Airlie Rd,3,t,960000.0,27/05/2017,2.0,2.0,397.0,16.0,-37.72331,145.11909
ID830106657,10 Margot Av,4,h,1663000.0,8/07/2017,3.0,2.0,674.0,37.0,-37.77102,145.13338000000005
ID755557751,4 Raymond St,4,h,840000.0,30/07/2016,1.0,2.0,390.0,69.0,-37.7395,144.9843
ID598219772,67 Charles St,2,h,1100000.0,20/05/2017,1.0,1.0,189.0,49.0,-37.7767,144.9924
ID434302906,2 Harry St,3,h,1195000.0,27/11/2016,1.0,2.0,601.0,12.0,-37.9386,145.0317
ID900253833,31 Stanley Gr,3,h,1530000.0,24/06/2017,1.0,2.0,785.0,59.0,-37.81321,145.14635
ID706540681,41 Essex St,3,u,630000.0,3/06/2017,1.0,1.0,365.0,20.0,-37.72737,144.94593
ID519345863,54 South St,5,h,1905000.0,18/03/2017,2.0,2.0,521.0,80.0,-37.7778,144.9261
ID596693802,49 Grove Rd,4,h,3335000.0,3/06/2017,2.0,2.0,371.0,129.0,-37.81474,145.02608999999995
ID404000981,152 Middleborough Rd,4,h,1100000.0,16/09/2017,3.0,2.0,592.0,2.0,-37.843070000000004,145.13419
ID553854033,2 Buckingham St,3,h,747000.0,16/07/2016,1.0,1.0,246.0,79.0,-37.8012,144.8924
ID249478547,4 Sharp Gr,2,h,765000.0,8/10/2016,1.0,2.0,563.0,94.0,-37.723,144.96
ID216781173,7/56 Golf Links Rd,1,u,362500.0,27/05/2017,1.0,1.0,124.0,39.0,-37.70917,144.92291
ID427541038,22 McPherson St,4,h,1310000.0,16/04/2016,3.0,2.0,475.0,129.0,-37.7609,144.9285
ID232692373,2/21 Lillimur Rd,1,u,454000.0,1/07/2017,1.0,1.0,1006.0,9.0,-37.90164,145.04138999999995
ID716391365,54 Cooper St,5,h,2335000.0,26/08/2017,2.0,6.0,1012.0,104.0,-37.74967,144.8977
ID306326060,15 Berwick St,3,h,751000.0,27/11/2016,1.0,2.0,604.0,79.0,-37.723,145.0024
ID589519760,31 Hooker Rd,3,h,412700.0,19/08/2017,1.0,1.0,299.0,14.0,-37.89513,144.64056000000005
ID968202785,17 Roberts St,2,h,1220000.0,29/07/2017,1.0,1.0,459.0,11.0,-37.76695,144.98203999999996
ID658325688,18 Melrose St,2,h,1010000.0,19/11/2016,2.0,0.0,109.0,119.0,-37.795,144.942
